# This data imported from fraternity_data_sql_backup_2016-08-03.sql

use thetatau_db;
INSERT INTO roles (roleid, title, contact_email) VALUES
  ('regent','Regent','tht-pres@umich.edu'),
  ('viceregent','Vice Regent','tht-regents@umich.edu'),
  ('scribe','Scribe','tht-scribe@umich.edu'),
  ('treasurer','Treasurer','tht-treasurer@umich.edu'),
  ('corsec','Corresponding Secretary','tht-corsec@umich.edu'),
  ('pledgemaster','Pledge Chair','tht-pledge@umich.edu'),
  ('rush','Rush Chair','tht-rush@umich.edu'),
  ('pd','Professional Development Chair','tht-pd@umich.edu'),
  ('philanthropy','Philanthropy Chair','tht-philanthropy@umich.edu'),
  ('social','Social Chair','tht-socialcom@umich.edu'),
  ('fundraising','Fundraising Chair','tht-funds@umich.edu'),
  ('web','Web Chair','tht-web.committee@umich.edu'),
  ('advertising','Advertising Chair','tht-advertising@umich.edu'),
  ('recsports','Recreational Sports Chair','tht-recsports@umich.edu'),
  ('traditions','Traditions Chair','tht-traditions@umich.edu'),
  ('historian','Historian','tht-historian@umich.edu'),
  ('pfcdelgate','PFC Delgate','tht-pfc@umich.edu'),
  ('apoorva','Tht-Apoorva','tht-apoorva@umich.edu'),
  ('academic','Academic Chair','tht-academic@umich.edu'),
  ('bylawreview','Bylaw Review Chair','tht-bylaws@umich.edu'),
  ('brobonding','Brother Bonding Chair','tht-brobonding@umich.edu'),
  ('corpspons','Corporate Sponsorship Chair','tht-corporate@umich.edu'),
  ('housing','Housing Chair','tht-housing@umich.edu'),
  ('schrader','Schrader','tht-schrader@umich.edu'),
  ('wellness','Wellness Chair','tht-wellness@umich.edu'),
  ('pledge','Pledge',''),
  ('active','Active Brother',''),
  ('alumni','Alumni',''),
  ('rushee','Rushee','');

INSERT INTO users (userid, firstname, lastname, roll, verified, email, img) VALUES
  ('rohansawalka','Rohan','Sawalka','216', FALSE, 'rohansaw@umich.edu','images/member-profiles/default_profile_img.jpg'),
  ('csaucier','Celine','Saucier','217', FALSE, 'csaucier@umich.edu','images/member-profiles/default_profile_img.jpg'),
  ('gbhatia','Geetika','Bhatia','214', FALSE, 'gbhatia@umich.edu','images/member-profiles/default_profile_img.jpg'),
  ('ncozen','Naz','Ozen','215', FALSE, 'ncozen@umich.edu','images/member-profiles/default_profile_img.jpg'),
  ('jmartog','Joseph','Martoglio','212', FALSE, 'jmartog@umich.edu','images/member-profiles/default_profile_img.jpg'),
  ('simsbl','Brandon','Sims','213', FALSE, 'Brandon.Lee.Sims@gmail.com','images/member-profiles/default_profile_img.jpg'),
  ('harrisri','Rianna','Harris','210', FALSE, 'harrisri@umich.edu','images/member-profiles/default_profile_img.jpg'),
  ('shdeitt','Scott','Deittrick','211', FALSE, 'shdeitt@umich.edu','images/member-profiles/default_profile_img.jpg'),
  ('lapohl','Lyndsey','Pohl','165', FALSE, 'lapohl@umich.edu','images/member-profiles/default_profile_img.jpg'),
  ('botatoes','Bo-ying','Fu','264', FALSE, 'Botatoes@gmail.com','images/member-profiles/default_profile_img.jpg'),
  ('bjuhrend','Brianna','Juhrend','262', FALSE, 'bjuhrend@umich.edu','images/member-profiles/default_profile_img.jpg'),
  ('mantung','Mantung','Lai','346', FALSE, 'mantung@umich.edu','images/member-profiles/default_profile_img.jpg'),
  ('alexng','Alexander','Ng','218', FALSE, 'alexng@umich.edu','images/member-profiles/default_profile_img.jpg'),
  ('cecamp','Charlotte','Campbell','219', FALSE, 'cecamp@umich.edu','images/member-profiles/default_profile_img.jpg'),
  ('johnkmur','Jack','Murphy','344', FALSE, 'johnkmur@umich.edu','images/member-profiles/default_profile_img.jpg'),
  ('andredan','Andrew','Danielsky','132', FALSE, 'andredan@umich.edu','images/member-profiles/default_profile_img.jpg'),
  ('genevich','David','Genevich','131', FALSE, 'genevich@umich.edu','images/member-profiles/default_profile_img.jpg'),
  ('britflah','Brittany','Flaherty','130', FALSE, 'britflah@umich.edu','images/member-profiles/default_profile_img.jpg'),
  ('marcmarc','Marcus','Lewis','137', FALSE, 'marcmarc@umich.edu','images/member-profiles/default_profile_img.jpg'),
  ('sbatch','Steven','Batchelor','136', FALSE, 'sbatch@umich.edu','images/member-profiles/default_profile_img.jpg'),
  ('jrilly','Jessica','Rilly','135', FALSE, 'jrilly@umich.edu','images/member-profiles/default_profile_img.jpg'),
  ('jwfong','Jessica','Fong','134', FALSE, 'jwfong@umich.edu','images/member-profiles/default_profile_img.jpg'),
  ('rmeggert','Rachel','Eggert','139', FALSE, 'rmeggert@umich.edu','images/member-profiles/default_profile_img.jpg'),
  ('audosbo','Audra','Osborne','138', FALSE, 'audosbo@umich.edu','images/member-profiles/default_profile_img.jpg'),
  ('waimanl','Waiman','Liu','166', FALSE, 'waimanl@umich.edu','images/member-profiles/default_profile_img.jpg'),
  ('philipw','Philip','Waligora','24', FALSE, 'phil.waligora@gmail.com','images/member-profiles/default_profile_img.jpg'),
  ('molsofsk','Matthew','Olsofsky','25', FALSE, 'molsofsk@hotmail.com','images/member-profiles/default_profile_img.jpg'),
  ('gsabo','Gregory','Sabo','26', FALSE, 'gsabo@umich.edu','images/member-profiles/default_profile_img.jpg'),
  ('mehtat','Tanuj','Mehta','27', FALSE, 'mehtat@hotmail.com','images/member-profiles/default_profile_img.jpg'),
  ('qzhxfp','Elizabeth','Gardner','20', FALSE, 'gardnerea@gmail.com','images/member-profiles/default_profile_img.jpg'),
  ('jpmyers','John','Myers','21', FALSE, 'jpmyers19@yahoo.com','images/member-profiles/default_profile_img.jpg'),
  ('dwallen','Dan','Allen','22', FALSE, 'dwallen@umich.edu','images/member-profiles/default_profile_img.jpg'),
  ('jordzhu','Jordan','Zhu','353', FALSE, 'jordzhu@umich.edu','images/member-profiles/default_profile_img.jpg'),
  ('ccschul','Caitlin','Schultz','160', FALSE, 'ccschul@umich.edu','images/member-profiles/default_profile_img.jpg'),
  ('pkostas','Kostas','Papadopoulos','352', FALSE, 'pkostas@umich.edu','images/member-profiles/default_profile_img.jpg'),
  ('sanjsub','Sanjay','Subramanian','314', FALSE, 'sanjsub@umich.edu','images/member-profiles/default_profile_img.jpg'),
  ('mgiska','Mark','Giska','28', FALSE, 'mgiska@umich.edu','images/member-profiles/default_profile_img.jpg'),
  ('jmellent','James','Mellentine','29', FALSE, 'James.mellentine@gmail.com','images/member-profiles/default_profile_img.jpg'),
  ('bethgles','Bethany','Glesner','161', FALSE, 'bethanyg27@gmail.com','images/member-profiles/default_profile_img.jpg'),
  ('yuanm','Molly','Ma','289', FALSE, 'yuanm@umich.edu','images/member-profiles/default_profile_img.jpg'),
  ('xiaobpan','Xiao Bin','Pan','288', FALSE, 'xiaobpan@umich.edu','images/member-profiles/default_profile_img.jpg'),
  ('muskr','Carl','Fischer','4', FALSE, 'julian.broggio4@gmail.com','images/member-profiles/default_profile_img.jpg'),
  ('jaiyeong','Jai','Koh','281', FALSE, 'jaiyeong@umich.edu','images/member-profiles/default_profile_img.jpg'),
  ('jjbailey08','Jason','Bailey','8', FALSE, 'jjbailey08@gmail.com','images/member-profiles/default_profile_img.jpg'),
  ('tkem','Tyler','Kemerer','283', FALSE, 'tkem@umich.edu','images/member-profiles/default_profile_img.jpg'),
  ('kunalm','Kunal','Mehta','163', FALSE, 'kunalm@umich.edu','images/member-profiles/default_profile_img.jpg'),
  ('haohsu','Howard','Hsu','285', FALSE, 'haohsu@umich.edu','images/member-profiles/default_profile_img.jpg'),
  ('jasleung','Jason','Leung','284', FALSE, 'jasleung@umich.edu','images/member-profiles/default_profile_img.jpg'),
  ('aoaoaoa','Andrew','Ao','287', FALSE, 'aoaoaoa@umich.edu','images/member-profiles/default_profile_img.jpg'),
  ('vidhyasr','Srivi','Sridhar','286', FALSE, 'vidhyasr@umich.edu','images/member-profiles/default_profile_img.jpg'),
  ('stanvi','Tanvi','Singh','119', FALSE, 'stanvi@umich.edu','images/member-profiles/default_profile_img.jpg'),
  ('lcpol','Lauren','Pollard','258', FALSE, 'lcpol@umich.edu','images/member-profiles/default_profile_img.jpg'),
  ('grailo','Nick','McGrail','120', FALSE, 'grailo@umich.edu','images/member-profiles/default_profile_img.jpg'),
  ('freemaja','Jim','Freeman','121', FALSE, 'freemaja@gmail.com','images/member-profiles/default_profile_img.jpg'),
  ('khpatel','Karan','Patel','122', FALSE, 'aeroski3@gmail.com','images/member-profiles/default_profile_img.jpg'),
  ('ppoisson','Phillip','Poisson','123', FALSE, 'philpoisson@gmail.com','images/member-profiles/default_profile_img.jpg'),
  ('kphall','Karen','Szalay','124', FALSE, 'kph.szalay@gmail.com','images/member-profiles/default_profile_img.jpg'),
  ('kjschill','Kristopher','Schilling','125', FALSE, 'kjschill@umich.edu','images/member-profiles/default_profile_img.jpg'),
  ('chelseae','Chelsea','Ellis','126', FALSE, 'Chemellis@gmail.com','images/member-profiles/default_profile_img.jpg'),
  ('smpraus','Stephanie','Crawford','127', FALSE, 'stephanie.praus@gmail.com','images/member-profiles/default_profile_img.jpg'),
  ('cwyckoff','Casady','Wyckoff','128', FALSE, 'cwyckoff@umich.edu','images/member-profiles/default_profile_img.jpg'),
  ('tabuesch','Todd','Bueschen','129', FALSE, 'tabuesch@umich.edu','images/member-profiles/default_profile_img.jpg'),
  ('minnaepc','Minnae','Chabwera','269', FALSE, 'minnaepc@umich.edu','images/member-profiles/default_profile_img.jpg'),
  ('ruansj','Darius','Ruan','268', FALSE, 'ruansj@umich.edu','images/member-profiles/default_profile_img.jpg'),
  ('maxkotu','Max','Kotula','167', FALSE, 'maxkotu@umich.edu','images/member-profiles/default_profile_img.jpg'),
  ('jlkron','Jessica','Kron','59', FALSE, 'Jlkron@gmail.com','images/member-profiles/default_profile_img.jpg'),
  ('jfairchi','Joe','Fairchild','58', FALSE, 'jfairchi@umich.edu','images/member-profiles/default_profile_img.jpg'),
  ('ranavk','Varun','Rana','341', FALSE, 'ranavk@umich.edu','images/member-profiles/default_profile_img.jpg'),
  ('pdoll','Patrick','Doll','55', FALSE, 'pdoll@umich.edu','images/member-profiles/default_profile_img.jpg'),
  ('angraor','Amanda','Graor','57', FALSE, 'amanda.graor@gmail.com','images/member-profiles/default_profile_img.jpg'),
  ('mjquinn','Michael','Quinn','56', FALSE, 'mjquinn@umich.edu','images/member-profiles/default_profile_img.jpg'),
  ('rburkhar','Russell','Burkhard','51', FALSE, 'rburkhar@umich.edu','images/member-profiles/default_profile_img.jpg'),
  ('emr','Erin','Robbins','50', FALSE, 'robbins.erin@gmail.com','images/member-profiles/default_profile_img.jpg'),
  ('kgunberg','Kathryn','(Gunberg) Clark','53', FALSE, 'kate@kategunberg.com','images/member-profiles/default_profile_img.jpg'),
  ('emschmid','Erica','Schmidt','52', FALSE, 'emschmid@umich.edu','images/member-profiles/default_profile_img.jpg'),
  ('alancast','Alexandros','Lancaster','259', FALSE, 'alancast@umich.edu','images/member-profiles/default_profile_img.jpg'),
  ('andyjm','Andrew','McCaughna','298', FALSE, 'andyjm@umich.edu','images/member-profiles/default_profile_img.jpg'),
  ('patwan','Patrick','Wan','299', FALSE, 'patwan@umich.edu','images/member-profiles/default_profile_img.jpg'),
  ('derino','Derin','Ozen','296', FALSE, 'derino@umich.edu','images/member-profiles/default_profile_img.jpg'),
  ('cmbaums','Clarissa','Baumgarten','297', FALSE, 'cmbaums@umich.edu','images/member-profiles/default_profile_img.jpg'),
  ('damjohn','John','Damrath IV','294', FALSE, 'damjohn@umich.edu','images/member-profiles/default_profile_img.jpg'),
  ('kimyusun','Yusun','Kim','295', FALSE, 'kimyusun@umich.edu','images/member-profiles/default_profile_img.jpg'),
  ('jgussert','Joseph','Gussert','292', FALSE, 'jgussert@outlook.com','images/member-profiles/default_profile_img.jpg'),
  ('jordandr','Jordan','Ridenour','293', FALSE, 'jordandr@umich.edu','images/member-profiles/default_profile_img.jpg'),
  ('lowekiah','Kiah','Lowe','290', FALSE, 'lowekiah@umich.edu','images/member-profiles/default_profile_img.jpg'),
  ('trburch','Travis','Burch','291', FALSE, 'trburch@umich.edu','images/member-profiles/default_profile_img.jpg'),
  ('megjoki','Meghan','Joki','164', FALSE, 'megjoki@gmail.com','images/member-profiles/default_profile_img.jpg'),
  ('gmcewan','Greg','McEwan','201', FALSE, 'gmcewan@umich.edu','images/member-profiles/default_profile_img.jpg'),
  ('nricci','Nick','Ricci','307', FALSE, 'nricci@umich.edu','images/member-profiles/default_profile_img.jpg'),
  ('malvikab','Malvika','Bhatia','199', FALSE, 'malvikab@umich.edu','images/member-profiles/default_profile_img.jpg'),
  ('jtmi','Josh','Miyamoto','179', FALSE, 'jtmi@umich.edu','images/member-profiles/default_profile_img.jpg'),
  ('esoybay','Eda','Soybay','200', FALSE, 'esoybay@umich.edu','images/member-profiles/default_profile_img.jpg'),
  ('cmillera','Cameron','Miller','195', FALSE, 'cmillera@umich.edu','images/member-profiles/default_profile_img.jpg'),
  ('kfairc','Kyle','Faircloth','194', FALSE, 'KRFaircloth@gmail.com','images/member-profiles/default_profile_img.jpg'),
  ('mfaibish','Melanie','Faibish','197', FALSE, 'mfaibish@umich.edu','images/member-profiles/default_profile_img.jpg'),
  ('lcrook','Laura','Crookston','178', FALSE, 'lcrook@umich.edu','images/member-profiles/default_profile_img.jpg'),
  ('aosorio','Antonio','Osorio','191', FALSE, 'aosorio@umich.edu','images/member-profiles/default_profile_img.jpg'),
  ('jrswift','James','Swift','190', FALSE, 'jrswift@umich.edu','images/member-profiles/default_profile_img.jpg'),
  ('asenyk','Abigail','Senyk','192', FALSE, 'asenyk@umich.edu','images/member-profiles/default_profile_img.jpg'),
  ('stridas','Astrid','Santiago','227', FALSE, 'stridas@umich.edu','images/member-profiles/default_profile_img.jpg'),
  ('clemense','Eileen','(Clemens) Galloway','114', FALSE, 'eileenrgalloway@gmail.com','images/member-profiles/default_profile_img.jpg'),
  ('rabani','Rosa','Bushkuhl','88', FALSE, 'rabani@gmail.com','images/member-profiles/default_profile_img.jpg'),
  ('cmarti','Courtney','Martin','89', FALSE, 'cmarti@umich.edu','images/member-profiles/default_profile_img.jpg'),
  ('cmuhich','Chris','Muhich','111', FALSE, 'cmuhich@gmail.com','images/member-profiles/default_profile_img.jpg'),
  ('jengehle','Jennifer','Gehle','110', FALSE, 'jengehle@umich.edu','images/member-profiles/default_profile_img.jpg'),
  ('ajfrantz','AJ','Frantz','113', FALSE, 'ajfrantz@umich.edu','images/member-profiles/default_profile_img.jpg'),
  ('vinnyv','Vincent','Verdeschi','112', FALSE, 'vinnyv@umich.edu','images/member-profiles/default_profile_img.jpg'),
  ('milliken','Jacob','Milliken','82', FALSE, 'jamilliken@aep.com','images/member-profiles/default_profile_img.jpg'),
  ('reedml','Maggie','(Reed) Myers','83', FALSE, 'reedml@umich.edu','images/member-profiles/default_profile_img.jpg'),
  ('maherk','Kate','Maher','80', FALSE, 'maherk@umich.edu','images/member-profiles/default_profile_img.jpg'),
  ('ensignlm','Larisa','Ensign','81', FALSE, 'ensignlm@umich.edu','images/member-profiles/default_profile_img.jpg'),
  ('quanz','Quan (Kevin)','Zhu','86', FALSE, 'quanz@umich.edu','images/member-profiles/default_profile_img.jpg'),
  ('phalexan','Phillip','Clark','118', FALSE, 'phillip.a.clark@gmail.com','images/member-profiles/default_profile_img.jpg'),
  ('katsb','Kathryn','Moyer (Blodgett)','84', FALSE, 'Hamokmonky@gmail.com','images/member-profiles/default_profile_img.jpg'),
  ('maramae','Mara','Watson','204', FALSE, 'maramae@umich.edu','images/member-profiles/default_profile_img.jpg'),
  ('nxlouie','Nathan','Louie','304', FALSE, 'nxlouie@umich.edu','images/member-profiles/default_profile_img.jpg'),
  ('michfern','Michelle','Fernandes','198', FALSE, 'michelle.fern1@gmail.com','images/member-profiles/default_profile_img.jpg'),
  ('altung','Anthony','Tung','329', FALSE, 'altung@umich.edu','images/member-profiles/default_profile_img.jpg'),
  ('emjburns','Emily','Burns','256', FALSE, 'emjburns@umich.edu','images/member-profiles/default_profile_img.jpg'),
  ('reider','Elle','Reid','350', FALSE, 'reider@umich.edu','images/member-profiles/default_profile_img.jpg'),
  ('thanav','Vivek','Thanabal','206', FALSE, 'thanav@umich.edu','images/member-profiles/default_profile_img.jpg'),
  ('jennyhuh','Jenny','Huh','315', FALSE, 'jennyhuh@umich.edu','images/member-profiles/default_profile_img.jpg'),
  ('kwolok','Kyle','Wolok','226', FALSE, 'kwolok@umich.edu','images/member-profiles/default_profile_img.jpg'),
  ('rhsunnie','Ritong','Han','257', FALSE, 'rhsunnie@umich.edu','images/member-profiles/default_profile_img.jpg'),
  ('jbroggio','Julian','Broggio','3', FALSE, 'jbroggio@hotmail.com','images/member-profiles/default_profile_img.jpg'),
  ('carteraj','A.J.','Carter','177', FALSE, 'carteraj@umich.edu','images/member-profiles/default_profile_img.jpg'),
  ('troywe','Troyer','Wallace-Evans','316', FALSE, 'troywe@umich.edu','images/member-profiles/default_profile_img.jpg'),
  ('rmeder','Ryan','Meder','7', FALSE, 'rmeder@engin.umich.edu','images/member-profiles/default_profile_img.jpg'),
  ('kriskim','Kristina','Kim','247', FALSE, 'kriskim@umich.edu','images/member-profiles/default_profile_img.jpg'),
  ('annastar','Anna','Starodubtseva','330', FALSE, 'annastar@umich.edu','images/member-profiles/default_profile_img.jpg'),
  ('cascook','Cassie','Cook','273', FALSE, 'cascook@umich.edu','images/member-profiles/default_profile_img.jpg'),
  ('christag','Christa','Gibara','255', FALSE, 'christag@umich.edu','images/member-profiles/default_profile_img.jpg'),
  ('fpenikis','Francine','Penikis','317', FALSE, 'fpenikis@umich.edu','images/member-profiles/default_profile_img.jpg'),
  ('ppreet','Preet','Patel','335', FALSE, 'ppreet@umich.edu','images/member-profiles/default_profile_img.jpg'),
  ('ckokenoz','Cigdem','Kokenoz','318', FALSE, 'ckokenoz@umich.edu','images/member-profiles/default_profile_img.jpg'),
  ('sjdo','Steven','Do','300', FALSE, 'sjdo@umich.edu','images/member-profiles/default_profile_img.jpg'),
  ('dahodge','David','Hodgson','301', FALSE, 'dahodge@umich.edu','images/member-profiles/default_profile_img.jpg'),
  ('ralevens','Rachel','Levenson','302', FALSE, 'ralevens@umich.edu','images/member-profiles/default_profile_img.jpg'),
  ('chanmeec','Chanmee','Chung','303', FALSE, 'chanmeec@umich.edu','images/member-profiles/default_profile_img.jpg'),
  ('kelemley','Kristin','Lemley','225', FALSE, 'kelemley@umich.edu','images/member-profiles/default_profile_img.jpg'),
  ('venugovi','Vikas','Venugopal','305', FALSE, 'venugovi@umich.edu','images/member-profiles/default_profile_img.jpg'),
  ('cmmcd','Chris','McDonald','306', FALSE, 'cmmcd@umich.edu','images/member-profiles/default_profile_img.jpg'),
  ('malinare','Rebecca','Malinas','245', FALSE, 'becmalin@gmail.com','images/member-profiles/default_profile_img.jpg'),
  ('ehorste','Ellen','Horste','244', FALSE, 'ehorste@umich.edu','images/member-profiles/default_profile_img.jpg'),
  ('kert','Kurt','Oster','108', FALSE, 'kurt.oster@gmail.com','images/member-profiles/default_profile_img.jpg'),
  ('fltr','Patrick','Liu','109', FALSE, 'ltrick@umich.edu','images/member-profiles/default_profile_img.jpg'),
  ('zepeda','Yanet','Zepeda','241', FALSE, 'zepeda@umich.edu','images/member-profiles/default_profile_img.jpg'),
  ('jyiyang','Jackie','Jo','240', FALSE, 'jackiejiao3@gmail.com','images/member-profiles/default_profile_img.jpg'),
  ('justingk','Justin','Koehler','243', FALSE, 'justingkoehler@gmail.com','images/member-profiles/default_profile_img.jpg'),
  ('clooney','Chrissy','Looney','242', FALSE, 'clooney@umich.edu','images/member-profiles/default_profile_img.jpg'),
  ('smiatrow','Stephanie','Iatrow','102', FALSE, 'smiatrow@umich.edu','images/member-profiles/default_profile_img.jpg'),
  ('furlongl','Lauren','Furlong','103', FALSE, 'furlongl@umich.edu','images/member-profiles/default_profile_img.jpg'),
  ('nkizy','Nicole','Kizy Gramenos','100', FALSE, 'nicole.kizy@gmail.com','images/member-profiles/default_profile_img.jpg'),
  ('jsuther','Jennifer','Vaughan','101', FALSE, 'Vaughanjenniferl@gmail.com','images/member-profiles/default_profile_img.jpg'),
  ('tanayn','Tanay','Nerurkar','249', FALSE, 'tanayn@umich.edu','images/member-profiles/default_profile_img.jpg'),
  ('hnpatel','Heetal','Patel','107', FALSE, 'hnpatel@umich.edu','images/member-profiles/default_profile_img.jpg'),
  ('kjsand','Kelly','Sanderson','104', FALSE, 'kjsand@umich.edu','images/member-profiles/default_profile_img.jpg'),
  ('hkast','Hillary','Tyranski','105', FALSE, 'hillarykast@gmail.com','images/member-profiles/default_profile_img.jpg'),
  ('darrint','Darrin','Tracy','39', FALSE, 'darrin.tracy@gmail.com','images/member-profiles/default_profile_img.jpg'),
  ('lravindr','Latha','Mellentine','38', FALSE, 'lravindr@gmail.com','images/member-profiles/default_profile_img.jpg'),
  ('oriachun','Gloria','Chun','342', FALSE, 'oriachun@umich.edu','images/member-profiles/default_profile_img.jpg'),
  ('jrnisbet','Jacqueline','Nisbet','323', FALSE, 'jrnisbet@umich.edu','images/member-profiles/default_profile_img.jpg'),
  ('ntapia','Nityanan','Tapia','32', FALSE, 'nityanantapia@hotmail.com','images/member-profiles/default_profile_img.jpg'),
  ('avalique','Andy','Valiquett','31', FALSE, 'avalique@umich.edu','images/member-profiles/default_profile_img.jpg'),
  ('stepania','Jack','Stepanian','30', FALSE, 'stepania@umich.edu','images/member-profiles/default_profile_img.jpg'),
  ('rbronson','Reid','Bronson','37', FALSE, 'reid.bronson@gmail.com','images/member-profiles/default_profile_img.jpg'),
  ('jdaunoravicius','Jonas','Daunoravicius','36', FALSE, 'jdaunora@gmail.com','images/member-profiles/default_profile_img.jpg'),
  ('jjinnah','Javed','Jinnah','35', FALSE, 'jjinnah@umich.edu','images/member-profiles/default_profile_img.jpg'),
  ('rileym','Marvin','Riley','34', FALSE, 'mracer314@yahoo.com','images/member-profiles/default_profile_img.jpg'),
  ('duanmua','Alan','Duanmu','246', FALSE, 'alan.duanmu@gmail.com','images/member-profiles/default_profile_img.jpg'),
  ('jeremylc','Jeremy','Chen','310', FALSE, 'jeremylc@umich.edu','images/member-profiles/default_profile_img.jpg'),
  ('ebklouda','Emily','Klouda','282', FALSE, 'ebklouda@umich.edu','images/member-profiles/default_profile_img.jpg'),
  ('jessewst','Jesse','Streicher','252', FALSE, 'jessewst@umich.edu','images/member-profiles/default_profile_img.jpg'),
  ('atammana','Aditya','Tammana','308', FALSE, 'atammana@umich.edu','images/member-profiles/default_profile_img.jpg'),
  ('hjihong','Hannah','Hong','338', FALSE, 'hjihong@umich.edu','images/member-profiles/default_profile_img.jpg'),
  ('meland','Matthew','Land','163', FALSE, 'meland@umich.edu','images/member-profiles/default_profile_img.jpg'),
  ('nabani','Nina','Abani','205', FALSE, 'nabani@umich.edu','images/member-profiles/default_profile_img.jpg'),
  ('jmodes','Jane','Modes','326', FALSE, 'jmodes@umich.edu','images/member-profiles/default_profile_img.jpg'),
  ('lispag','Lisandra','Pagan','223', FALSE, 'lisandra.d.pagan@gmail.com','images/member-profiles/default_profile_img.jpg'),
  ('anlevin','Andrew','Levin','349', FALSE, 'anlevin@umich.edu','images/member-profiles/default_profile_img.jpg'),
  ('adcunha','Asha','D\'Cunha','176', FALSE, 'adcunha@umich.edu','images/member-profiles/default_profile_img.jpg'),
  ('willhorn','William','Horner','320', FALSE, 'willhorn@umich.edu','images/member-profiles/default_profile_img.jpg'),
  ('gabelok','Gabrielle','Belok','265', FALSE, 'gabelok@umich.edu','images/member-profiles/default_profile_img.jpg'),
  ('emiupton','Emily','Upton','321', FALSE, 'emiupton@umich.edu','images/member-profiles/default_profile_img.jpg'),
  ('gregfi','Greg','Fischer','60', FALSE, 'Greg.A.Fischer@gmail.com','images/member-profiles/default_profile_img.jpg'),
  ('dpinkney','David','Pinkney','61', FALSE, 'dpinkney@umich.edu','images/member-profiles/default_profile_img.jpg'),
  ('kdashair','Kiran','Dashairya','62', FALSE, 'kdashair@gmail.com','images/member-profiles/default_profile_img.jpg'),
  ('jcgrimm','Jeff','Grimm','63', FALSE, 'jcgrimm@umich.edu','images/member-profiles/default_profile_img.jpg'),
  ('malbrigh','Michelle','Olsofsky','64', FALSE, 'malbrigh@gmail.com','images/member-profiles/default_profile_img.jpg'),
  ('stoloreb','Rebecca','Stoloff','65', FALSE, 'stoloreb@umich.edu','images/member-profiles/default_profile_img.jpg'),
  ('davemich','David','Preston','66', FALSE, 'davemich@umich.edu','images/member-profiles/default_profile_img.jpg'),
  ('akluck','Aaron','Kluck','67', FALSE, 'aaron@kluck.cc','images/member-profiles/default_profile_img.jpg'),
  ('markalan','Mark','Thomas','68', FALSE, 'mark.thomas.jr@gmail.com','images/member-profiles/default_profile_img.jpg'),
  ('patelmn','Monika','Patel','69', FALSE, 'patelmn@umich.edu','images/member-profiles/default_profile_img.jpg'),
  ('hdorer','Heather','Dorer','175', FALSE, 'hdorer@umich.edu','images/member-profiles/default_profile_img.jpg'),
  ('rovinski','Austin','Roviniski','251', FALSE, 'rovinski@umich.edu','images/member-profiles/default_profile_img.jpg'),
  ('andybrwn','Andy','Brown','173', FALSE, 'andy.b53@gmail.com','images/member-profiles/default_profile_img.jpg'),
  ('mwinsemi','Mary','Winsemius','172', FALSE, 'mwinsemi@umich.edu','images/member-profiles/default_profile_img.jpg'),
  ('aczubko','Allie','Czubko','254', FALSE, 'aczubko@umich.edu','images/member-profiles/default_profile_img.jpg'),
  ('aavila','Aaron','Avila','170', FALSE, 'aaron.i.avila@gmail.com','images/member-profiles/default_profile_img.jpg'),
  ('coolbre','Breanna','Jackson','203', FALSE, 'bljackson0807@gmail.com','images/member-profiles/default_profile_img.jpg'),
  ('madspeck','Madison','Speck','325', FALSE, 'madspeck@umich.edu','images/member-profiles/default_profile_img.jpg'),
  ('zachchoi','Zach','Choi','327', FALSE, 'zachchoi@umich.edu','images/member-profiles/default_profile_img.jpg'),
  ('tmidde','Tarun','Midde','334', FALSE, 'tmidde@umich.edu','images/member-profiles/default_profile_img.jpg'),
  ('ldemonte','Elizabeth','DeMonte','222', FALSE, 'Ecdemonte@gmail.com','images/member-profiles/default_profile_img.jpg'),
  ('emichang','Emily','Chang','271', FALSE, 'emichang@umich.edu','images/member-profiles/default_profile_img.jpg'),
  ('jgaulzet','Jaime','Gaulzetti','311', FALSE, 'jgaulzet@umich.edu','images/member-profiles/default_profile_img.jpg'),
  ('rhchoi','Robin','Choi','253', FALSE, 'rhchoi@umich.edu','images/member-profiles/default_profile_img.jpg'),
  ('mhensel','Marc','Hensel','248', FALSE, 'mhensel@umich.edu','images/member-profiles/default_profile_img.jpg'),
  ('dmcewan','Doug','McEwan','182', FALSE, 'dmcewan@umich.edu','images/member-profiles/default_profile_img.jpg'),
  ('tindeck','Tom','Indeck','183', FALSE, 'tindeck@gmail.com','images/member-profiles/default_profile_img.jpg'),
  ('lhmarks','Lucas','Marks','319', FALSE, 'lhmarks@umich.edu','images/member-profiles/default_profile_img.jpg'),
  ('dbzero','Dan','Jensen','2', FALSE, 'dbzero@umich.edu','images/member-profiles/default_profile_img.jpg'),
  ('catpat','Catherine','Patterson','162', FALSE, 'catpat@umich.edu','images/member-profiles/default_profile_img.jpg'),
  ('flynnmo','Molly','Flynn','187', FALSE, 'molrflynn@gmail.com','images/member-profiles/default_profile_img.jpg'),
  ('njmontes','Nicholas','Montes','184', FALSE, 'njmontes@umich.edu','images/member-profiles/default_profile_img.jpg'),
  ('derekdcs','Derek','Sorensen','6', FALSE, 'derekdcs@umich.edu','images/member-profiles/default_profile_img.jpg'),
  ('kachou','Kathleen','Chou','220', FALSE, 'kachou@umich.edu','images/member-profiles/default_profile_img.jpg'),
  ('nklam','Nathan','Klamerus','186', FALSE, 'nklamerus@gmail.com','images/member-profiles/default_profile_img.jpg'),
  ('aarthara','Aarthi','Arab','188', FALSE, 'aarthara@umich.edu','images/member-profiles/default_profile_img.jpg'),
  ('aagrajek','Abby','Grajek','189', FALSE, 'aagrajek@gmail.com','images/member-profiles/default_profile_img.jpg'),
  ('kennyvan','Kenny','Van','331', FALSE, 'kennyvan@umich.edu','images/member-profiles/default_profile_img.jpg'),
  ('kamalk','Kamal','Knight','202', FALSE, 'kamalk@umich.edu','images/member-profiles/default_profile_img.jpg'),
  ('camphan','Chanon','Amphan','336', FALSE, 'camphan@umich.edu','images/member-profiles/default_profile_img.jpg'),
  ('caitlincramer12','Caitlin','Cramer','196', FALSE, 'ccram@umich.edu','images/member-profiles/default_profile_img.jpg'),
  ('ccprice','Carolyn','Price','221', FALSE, 'ccprice@umich.edu','images/member-profiles/default_profile_img.jpg'),
  ('jbrendel','Jason','Brendel','185', FALSE, 'jbrendel87@gmail.com','images/member-profiles/default_profile_img.jpg'),
  ('jmolesky','Jared','Molesky','309', FALSE, 'jmolesky@umich.edu','images/member-profiles/default_profile_img.jpg'),
  ('xjsixjag','Nate','LaFave','99', FALSE, 'nathan.lafave@gmail.com','images/member-profiles/default_profile_img.jpg'),
  ('fszalay','Francis','Szalay','98', FALSE, 'fszalay@gmail.com','images/member-profiles/default_profile_img.jpg'),
  ('emstark','Ethan','Stark','168', FALSE, 'stark.ethan@gmail.com','images/member-profiles/default_profile_img.jpg'),
  ('mikeqin','Michael','Qin','169', FALSE, 'mikeqin@umich.edu','images/member-profiles/default_profile_img.jpg'),
  ('erekn','Erek','Walker','229', FALSE, 'erekn@umich.edu','images/member-profiles/default_profile_img.jpg'),
  ('natbrwn','Natalie','Brown','228', FALSE, 'natpoleon91@gmail.com','images/member-profiles/default_profile_img.jpg'),
  ('jamesbl','James','Bloomsburgh','91', FALSE, 'jamesbl@umich.edu','images/member-profiles/default_profile_img.jpg'),
  ('benfried','Ben','Friedland','90', FALSE, 'benfried@umich.edu','images/member-profiles/default_profile_img.jpg'),
  ('cdsadler','Christina','Sadler','93', FALSE, 'cdsadler@umich.edu','images/member-profiles/default_profile_img.jpg'),
  ('jldolan','Jennifer','Dolan','92', FALSE, 'Dolanjld@gmail.com','images/member-profiles/default_profile_img.jpg'),
  ('ebusen','Eli','Busen','95', FALSE, 'ebusen@gmail.com','images/member-profiles/default_profile_img.jpg'),
  ('mwrod','Matthew','Rodriguez','94', FALSE, 'mwrod@umich.edu','images/member-profiles/default_profile_img.jpg'),
  ('mezen','Michelle','Zenczak','97', FALSE, 'mezen@umich.edu','images/member-profiles/default_profile_img.jpg'),
  ('sassyk','Kendra','Sass','96', FALSE, 'sassyk@umich.edu','images/member-profiles/default_profile_img.jpg'),
  ('batchac','Drew','Batchelder','11', FALSE, 'andrew.c.batchelder@lmco.com','images/member-profiles/default_profile_img.jpg'),
  ('mfeustel','Matt','Feustel','10', FALSE, 'mfeustel@umich.edu','images/member-profiles/default_profile_img.jpg'),
  ('aolosfsk','Angie','Olsofsky','13', FALSE, 'aolosfsk@yahoo.com','images/member-profiles/default_profile_img.jpg'),
  ('mascione','Mark','Ascione','12', FALSE, 'mcascione@gmail.com','images/member-profiles/default_profile_img.jpg'),
  ('david.moenssen','Dave','Moenssen','15', FALSE, 'david.moenssen@honeywell.com','images/member-profiles/default_profile_img.jpg'),
  ('jhschaef','Julianne','Geimer (Schaefer)','14', FALSE, 'jhschaef@yahoo.com','images/member-profiles/default_profile_img.jpg'),
  ('dcepeda','Darin','Cepeda','17', FALSE, 'decepda@austin.rr.com','images/member-profiles/default_profile_img.jpg'),
  ('todd_moilanen','Todd','Moilanen','16', FALSE, 'todd_moilanen@hotmail.com','images/member-profiles/default_profile_img.jpg'),
  ('sbisgaie','Stan','Bisgaier','18', FALSE, 'stanb@ufl.edu','images/member-profiles/default_profile_img.jpg'),
  ('hanfan','Hannah','Fan','328', FALSE, 'hanfan@umich.edu','images/member-profiles/default_profile_img.jpg'),
  ('weitung','Cindy','Wang','117', FALSE, 'weitung@umich.edu','images/member-profiles/default_profile_img.jpg'),
  ('sungkj','Ki-Joo','Sung','250', FALSE, 'kjsung07@gmail.com','images/member-profiles/default_profile_img.jpg'),
  ('mirim','Miriam','Scherkenbach','116', FALSE, 'mirim@umich.edu','images/member-profiles/default_profile_img.jpg'),
  ('dmholt','Diego','Holt','345', FALSE, 'dmholt@umich.edu','images/member-profiles/default_profile_img.jpg'),
  ('jelzinga','Jake','Elzinga','340', FALSE, 'jelzinga@umich.edu','images/member-profiles/default_profile_img.jpg'),
  ('jiaxin','Jiaxin','Wang','275', FALSE, 'jiaxin@umich.edu','images/member-profiles/default_profile_img.jpg'),
  ('rbiswas','Rohan','Biswas','151', FALSE, 'rbiswas34@gmail.com','images/member-profiles/default_profile_img.jpg'),
  ('dallj','Jeremy','Dall','150', FALSE, 'dallj@umich.edu','images/member-profiles/default_profile_img.jpg'),
  ('samcdev','Shannon','McDevitt','153', FALSE, 'samcdev@umich.edu','images/member-profiles/default_profile_img.jpg'),
  ('ishaanjs','Ishaan','Shah','152', FALSE, 'ishaanjs@umich.edu','images/member-profiles/default_profile_img.jpg'),
  ('rgappel','Robert','Appel','155', FALSE, 'rgappel@gmail.com','images/member-profiles/default_profile_img.jpg'),
  ('vward','Veronica','Ward','154', FALSE, 'vward@umich.edu','images/member-profiles/default_profile_img.jpg'),
  ('kadann','Kristin','Dannemiller','157', FALSE, 'kadann@umich.edu','images/member-profiles/default_profile_img.jpg'),
  ('meganelb','Megan','Brown','156', FALSE, 'meganelb@umich.edu','images/member-profiles/default_profile_img.jpg'),
  ('jgfernan','Jason','Fernandez','159', FALSE, 'jgfernan@umich.edu','images/member-profiles/default_profile_img.jpg'),
  ('louk','Kimberly','Louie','277', FALSE, 'louk@umich.edu','images/member-profiles/default_profile_img.jpg'),
  ('ttristan','Tristan','Tom','348', FALSE, 'ttristan@umich.edu','images/member-profiles/default_profile_img.jpg'),
  ('dlheard','Derek','Heard','347', FALSE, 'dlheard@umich.edu','images/member-profiles/default_profile_img.jpg'),
  ('esoreide','Erik','Soreide','322', FALSE, 'esoreide@umich.edu','images/member-profiles/default_profile_img.jpg'),
  ('reozdowy','Richard','Ozdowy','234', FALSE, 'reozdowy@umich.edu','images/member-profiles/default_profile_img.jpg'),
  ('rkreiter','Ryan','Kreiter','238', FALSE, 'rkreiter@umich.edu','images/member-profiles/default_profile_img.jpg'),
  ('albanka','Alison','Banka','239', FALSE, 'albanka@umich.edu','images/member-profiles/default_profile_img.jpg'),
  ('jimsiang','Dan','Lee','279', FALSE, 'jimsiang@umich.edu','images/member-profiles/default_profile_img.jpg'),
  ('nataaron','Nathaniel','Blase','207', FALSE, 'nataaron@umich.edu','images/member-profiles/default_profile_img.jpg'),
  ('jumilton','Julia','Zarina','235', FALSE, 'jumilton@umich.edu','images/member-profiles/default_profile_img.jpg'),
  ('thumme','Mitchell','Thumme','236', FALSE, 'thumme@umich.edu','images/member-profiles/default_profile_img.jpg'),
  ('jamesrg','James','Glantz','237', FALSE, 'jim.glantz@gmail.com','images/member-profiles/default_profile_img.jpg'),
  ('saraali','Sara','Ali','230', FALSE, 'saraali@umich.edu','images/member-profiles/default_profile_img.jpg'),
  ('sylviach','Sylvia','Chen','231', FALSE, 'siya101@gmail.com','images/member-profiles/default_profile_img.jpg'),
  ('ryanbell','Ryan','Bell','232', FALSE, 'ryanbell@umich.edu','images/member-profiles/default_profile_img.jpg'),
  ('monticme','Meredith','Monticello','233', FALSE, 'monticme@umich.edu','images/member-profiles/default_profile_img.jpg'),
  ('mwald','Matthew','Waldmann','312', FALSE, 'mwald@umich.edu','images/member-profiles/default_profile_img.jpg'),
  ('domlanni','Dominic','Lanni','224', FALSE, 'domlanni55@gmail.com','images/member-profiles/default_profile_img.jpg'),
  ('jjwashbu','Justin','Washburn','48', FALSE, 'jjwashbu@umich.edu','images/member-profiles/default_profile_img.jpg'),
  ('pconlin','Paul','Conlin','49', FALSE, 'pconlin@umich.edu','images/member-profiles/default_profile_img.jpg'),
  ('bkilbour','Beth','Kilbourne','46', FALSE, 'bkilbour@umich.edu','images/member-profiles/default_profile_img.jpg'),
  ('squintan','Sara','Quintana','47', FALSE, 'Squintan@gmail.com','images/member-profiles/default_profile_img.jpg'),
  ('mperaino','Mark','Peraino','44', FALSE, 'mperaino@umich.edu','images/member-profiles/default_profile_img.jpg'),
  ('rauchs','Suzanne','Waligora','45', FALSE, 'Smrauch@gmail.com','images/member-profiles/default_profile_img.jpg'),
  ('cvanitt','Christopher','Van Ittersum','42', FALSE, 'cvanitt@umich.edu','images/member-profiles/default_profile_img.jpg'),
  ('tketai','Ted','Ketai','43', FALSE, 'tketai@gmail.com','images/member-profiles/default_profile_img.jpg'),
  ('bsw','Bayly','Wheeler','40', FALSE, 'bsw@duke.edu','images/member-profiles/default_profile_img.jpg'),
  ('jrtervol','Ray','Tervol','41', FALSE, 'jrtervol@yahoo.com','images/member-profiles/default_profile_img.jpg'),
  ('cworthem','Cullen','Worthem Jr.','1', FALSE, 'cworthemjr@yahoo.com','images/member-profiles/default_profile_img.jpg'),
  ('rsekela1','Ryan','Sekela','5', FALSE, 'rsekela1@visteon.com','images/member-profiles/default_profile_img.jpg'),
  ('rachneal','Rachel','Neal','339', FALSE, 'rachneal@umich.edu','images/member-profiles/default_profile_img.jpg'),
  ('afurman','Aaron','Furman','9', FALSE, 'afurman@umich.edu','images/member-profiles/default_profile_img.jpg'),
  ('zmklav','Zachary','Klaver','272', FALSE, 'zmklav@umich.edu','images/member-profiles/default_profile_img.jpg'),
  ('rosephi','Philip','Rose','146', FALSE, 'rosephi@umich.edu','images/member-profiles/default_profile_img.jpg'),
  ('ryaneth','Ryan','Ethier','147', FALSE, 'ryaneth@umich.edu','images/member-profiles/default_profile_img.jpg'),
  ('changmar','Margaret','Chang','144', FALSE, 'changmar@umich.edu','images/member-profiles/default_profile_img.jpg'),
  ('nclay','Nicholas','Clay','145', FALSE, 'nclay42@gmail.com','images/member-profiles/default_profile_img.jpg'),
  ('hwangm','Maggie','Hwang','142', FALSE, 'hwangm@umich.edu','images/member-profiles/default_profile_img.jpg'),
  ('jmvan','Jillian','VandePutte','143', FALSE, 'jmvandeputte@gmail.com','images/member-profiles/default_profile_img.jpg'),
  ('ryakee','Ryan','McKee','140', FALSE, 'ryanmckee87@gmail.com','images/member-profiles/default_profile_img.jpg'),
  ('rapete','Rachel','Peterson','141', FALSE, 'rapete@umich.edu','images/member-profiles/default_profile_img.jpg'),
  ('rlakhani','Rahul','Lakhani','209', FALSE, 'rlakhani@umich.edu','images/member-profiles/default_profile_img.jpg'),
  ('ajinebge','George','Basil','208', FALSE, 'george.a.basil@gmail.com','images/member-profiles/default_profile_img.jpg'),
  ('eaboett','Liz','Connolly','148', FALSE, 'Boettner.liz@gmail.com','images/member-profiles/default_profile_img.jpg'),
  ('siukathr','Kathryn','Siuniak','149', FALSE, 'siukathr@umich.edu','images/member-profiles/default_profile_img.jpg'),
  ('sbarr','Sarah','Barr','77', FALSE, 'sbarr@umich.edu','images/member-profiles/default_profile_img.jpg'),
  ('schremsa','Adam','Schrems','75', FALSE, 'adam.j.schrems@gmail.com','images/member-profiles/default_profile_img.jpg'),
  ('mmbowman','Matt','Bowman','74', FALSE, 'matthew.m.bowman@gmail.com','images/member-profiles/default_profile_img.jpg'),
  ('mjbyom','Matt','Byom','73', FALSE, 'mjbyom@umich.edu','images/member-profiles/default_profile_img.jpg'),
  ('alexkotu','Alex','Kotula','72', FALSE, 'ahkotula@gmail.com','images/member-profiles/default_profile_img.jpg'),
  ('rmsherm','Becky','Sherman','71', FALSE, 'Rmsherm@gmail.com','images/member-profiles/default_profile_img.jpg'),
  ('kofahlum','Phil','Kofahl','70', FALSE, 'phil.kofahl@gmail.com','images/member-profiles/default_profile_img.jpg'),
  ('dparrotb','Danielle','Boyle (White)','79', FALSE, 'danielle.parrott@gmail.com','images/member-profiles/default_profile_img.jpg'),
  ('jmdonogh','Joel','Donoghue','78', FALSE, 'jmdonogh@umich.edu','images/member-profiles/default_profile_img.jpg'),
  ('gapoorva','Apoorva','Gupta','263', FALSE, 'gapoorva@umich.edu','images/member-profiles/default_profile_img.jpg'),
  ('lizsgoul','Liz','Goulston','313', FALSE, 'lizsgoul@umich.edu','images/member-profiles/default_profile_img.jpg'),
  ('rhchung','Royce','Chung','324', FALSE, 'rhchung@umich.edu','images/member-profiles/default_profile_img.jpg'),
  ('anvmat','Anvya','Mathur','333', FALSE, 'anvmat@umich.edu','images/member-profiles/default_profile_img.jpg'),
  ('dingding','Daoxia','Ding','262', FALSE, 'dingding@umich.edu','images/member-profiles/default_profile_img.jpg'),
  ('kunaln','Kunal','Naik','261', FALSE, 'kunaln@umich.edu','images/member-profiles/default_profile_img.jpg'),
  ('srishtip','Srishti','Pilutla','270', FALSE, 'srishtip@umich.edu','images/member-profiles/default_profile_img.jpg'),
  ('isaak','Nicholas','Simopoulos','260', FALSE, 'isaak@umich.edu','images/member-profiles/default_profile_img.jpg'),
  ('eguder','Erin','Guder','332', FALSE, 'eguder@umich.edu','images/member-profiles/default_profile_img.jpg'),
  ('jparus','Justin','Parus','343', FALSE, 'jparus@umich.edu','images/member-profiles/default_profile_img.jpg'),
  ('nkhm','Krishnan','Manivannan','276', FALSE, 'nkhm@umich.edu','images/member-profiles/default_profile_img.jpg'),
  ('mmangle','Marie','Angle','267', FALSE, 'mmangle@umich.edu','images/member-profiles/default_profile_img.jpg'),
  ('adibatra','Aditi','Batra','337', FALSE, 'adibatra@umich.edu','images/member-profiles/default_profile_img.jpg'),
  ('repatin','Ryan','Patin','266', FALSE, 'repatin@umich.edu','images/member-profiles/default_profile_img.jpg');

INSERT INTO profile (userid, major, city, state, grad_year, grad_sem, pledge_class, nickname, gender, phone, biguserid) VALUES
  ('rohansawalka','Industrial and Operations Engineering','Ann Arbor','MI',2012,'Fall','Gamma Beta','',TRUE,'(734)-65-434','maxkotu'),
  ('csaucier','Civil Engineering','Midland','MI',2012,'Fall','Gamma Beta','',FALSE,'(989)-41-472','caitlincramer12'),
  ('gbhatia','Chemical Engineering','Ann Arbor','MI',2014,'Fall','Gamma Beta','',FALSE,'(734)-26-667','meganelb'),
  ('ncozen','Industrial and Operations Engineering','Ann Arbor','MI',2014,'Fall','Gamma Beta','',FALSE,'(734)-30-909','flynnmo'),
  ('jmartog','Mechanical Engineering','Westfield','NJ',2012,'Fall','Gamma Beta','Poker Face',TRUE,'(908)-70-610','tindeck'),
  ('simsbl','Industrial and Operations Engineering','Grand Blanc','MI',2014,'Fall','Gamma Beta','',TRUE,'(248)-72-863','eaboett'),
  ('harrisri','Civil Engineering','Mt. Laurel','NJ',2013,'Fall','Gamma Beta','',FALSE,'(856)-46-931','asenyk'),
  ('shdeitt','Civil Engineering','Gobles','MI',2013,'Fall','Gamma Beta','',TRUE,'(269)-91-682','dmcewan'),
  ('lapohl','Mechanical Engineering','Grand Ledge','MI',2011,'Fall','Phi','Hitch',FALSE,'(517)-04-304','smpraus'),
  ('botatoes','Computer Science and Engineering','Seattle','WA',2016,'Fall','Theta Beta','',FALSE,'(702)-26-885','aczubko'),
  ('bjuhrend','','Cameron Park','CA',0,'','','',FALSE,'(530)-91-805',''),
  ('mantung','Civil Engineering','Ann Arbor','MI',0,'','Nu Beta','',TRUE,'','damjohn'),
  ('alexng','Computer Science and Engineering','Ann Arbor','MI',2014,'Fall','Delta Beta','',TRUE,'(248)-87-851','waimanl'),
  ('cecamp','Electrical Engineering and Theater Arts','Winnetka','IL',2012,'Fall','Delta Beta','',FALSE,'(847)-12-526','adcunha'),
  ('johnkmur','Computer Science Engineering','Ann Arbor','MI',0,'','Nu Beta','',TRUE,'(707)-373-7015','eguder'),
  ('andredan','IOE','Ann Arbor','MI',2008,'Fall','Rho','',TRUE,'(616)-50-061','schremsa'),
  ('genevich','Nuclear Engineering and Radiological Sciences','Albany','NY',2010,'Fall','Rho','Road Runner',TRUE,'(248)-04-479','mirim'),
  ('britflah','Chemical Engineering','Ann Arbor','MI',2009,'Fall','Rho','',FALSE,'(412)-76-661','cdsadler'),
  ('marcmarc','Computer Science','Ann Arbor','MI',2010,'Fall','Sigma','Crackerus Maximus',TRUE,'(517)-14-049','akluck'),
  ('sbatch','Mechanical Engineering','Ann Arbor','MI',2010,'Fall','Sigma','',TRUE,'(810)-69-093','jcgrimm'),
  ('jrilly','Chemical Engineering','Ann Arbor','MI',2010,'Fall','Sigma','Panch',FALSE,'(248)-35-152','reedml'),
  ('jwfong','IOE','Ann Arbor','MI',2010,'Fall','Sigma','Sniper',FALSE,'(225)-88-825','jldolan'),
  ('rmeggert','Nuclear Engineering and Radiological Sciences','Royal Oak','MI',2010,'Fall','Sigma','The Admiral',FALSE,'(248)-76-020','kphall'),
  ('audosbo','Aerospace Engineering','Ann Arbor','MI',2009,'Fall','Sigma','RBT',FALSE,'(734)-35-613','cmarti'),
  ('waimanl','Industrial and Operations Engineering','Ann Arbor','MI',2011,'Fall','Phi','',TRUE,'(269)-30-148','grailo'),
  ('philipw','','Bothell','WA',0,'Fall','Beta','Goose',TRUE,'()--','mascione'),
  ('molsofsk','Chemical Engineering','Saint Louis','MO',2002,'Fall','Beta','Lil\' O',TRUE,'(733)-34-564','jbroggio'),
  ('gsabo','','Ann Arbor','MI',0,'Fall','Beta','Staples',TRUE,'','dcepeda'),
  ('mehtat','Chemical Engineering','Chicago','IL',2001,'Fall','Beta','T-Bone',TRUE,'(847)-22-439','aolosfsk'),
  ('qzhxfp','Industrial Operations Engineering','Rochester','MI',2001,'Fall','Beta','Weezie',FALSE,'(248)-42-810','dbzero'),
  ('jpmyers','Mechanical Engineering','Berkley','MI',2002,'Fall','Beta','J.P. / Too Tall',TRUE,'(734)-23-365','david.moenssen'),
  ('dwallen','Mechanical Engineering','Ann Arbor','MI',2001,'Fall','Beta','Crispy',TRUE,'(517)-99-359','jhschaef'),
  ('jordzhu','Computer Science Engineering','Ann Arbor','MI',0,'','Nu Beta','',TRUE,'','jordandr'),
  ('ccschul','Nuclear Engineering and Radiological Sciences','Leechburg','PA',2010,'Fall','Phi','Goldfish',FALSE,'(724)-55-316','rmeggert'),
  ('pkostas','Computer Science Engineering','Ann Arbor','MI',0,'','Nu Beta','@KostasP @KostasP @KostasP',TRUE,'(734)-717-8821','nxlouie'),
  ('sanjsub','Biomedical Engineering','Ann Arbor','MI',0,'','Lambda Beta','',TRUE,'(732)-610-4592','aoaoaoa'),
  ('mgiska','Mechanical Engineering','Troy','MI',2002,'Fall','Gamma','Mother',TRUE,'(734)-51-203','philipw'),
  ('jmellent','Aerospace & Mechanical Engineering','Golden','CO',2002,'Fall','Gamma','',TRUE,'(303)-04-055','jhschaef'),
  ('bethgles','Materials Science & Engineering','Milwaukee','WI',2011,'Fall','Phi','Leader',FALSE,'(989)-30-349','jmvan'),
  ('yuanm','','Ann Arbor','MI',0,'Fall','Iota Beta','',FALSE,'','gbhatia'),
  ('xiaobpan','Mechanical Engineering','Ann Arbor','MI',2017,'Winter','Iota Beta','',FALSE,'(646)-714-9079','monticme'),
  ('muskr','Electrical Engineering','Canton','MI',2000,'Fall','Founders','Lizard',TRUE,'(734)-05-555',''),
  ('jaiyeong','Industrial Operations Engineering','Ann Arbor','MI',2017,'Fall','Theta Beta','',TRUE,'','isaak'),
  ('jjbailey08','Industrial and Operations Engineering','Oxford','MI',1998,'Fall','Founders','Chia',TRUE,'(248)-07-028',''),
  ('tkem','Biomedical Engineering','Ann Arbor','MI',2018,'Winter','Iota Beta','',TRUE,'(989)-860-4047','zmklav'),
  ('kunalm','Biomedical Engineering','Novi','MI',2012,'Fall','Phi','The First Lady',TRUE,'(248)-45-749','khpatel'),
  ('haohsu','Chemical Engineering','Ann Arbor','MI',2017,'Winter','Iota Beta','',TRUE,'(973)-979-0822','rlakhani'),
  ('jasleung','Computer Engineering','Ann Arbor','MI',2016,'Summer','Iota Beta','',TRUE,'(248)-921-0613','botatoes'),
  ('aoaoaoa','Biomedical Engineering','Ann Arbor','MI',2017,'Winter','Iota Beta','',TRUE,'(248)-880-8229','rovinski'),
  ('vidhyasr','Electrical Engineering','Ann Arbor','MI',2017,'Winter','Iota Beta','',FALSE,'','christag'),
  ('stanvi','Biomedical Engineering','Rochester Hills','MI',2008,'Fall','Omicron','',FALSE,'(248)-82-938','jamesbl'),
  ('lcpol','','Ann Arbor','MI',2016,'Fall','Eta Beta','',FALSE,'(248)-74-480','clooney'),
  ('grailo','Aerospace','Ann Arbor','MI',2008,'Fall','Omicron','Peaches',TRUE,'(319)-99-760','rabani'),
  ('freemaja','IOE','Ann Arbor','MI',2007,'Fall','Omicron','',TRUE,'(248)-67-705','alexkotu'),
  ('khpatel','Aerospace Engineering, Space Systems Engineering','Royal Oak','MI',2008,'Fall','Pi','Swiss Miss',TRUE,'(248)-13-309','fszalay'),
  ('ppoisson','Mechanical Engineering','Maple Grove','MN',2008,'Fall','Pi','',TRUE,'(248)-70-958','alexkotu'),
  ('kphall','Mechanical Engineering / Spanish','Herndon','VA',2008,'Fall','Pi','',FALSE,'(571)-14-626','ensignlm'),
  ('kjschill','Mechanical Engineering','Ann Arbor','MI',2008,'Fall','Pi','',TRUE,'(517)-40-835','schremsa'),
  ('chelseae','Chemical Engineering','Ann Arbor','MI',2009,'Fall','Rho','BFF',FALSE,'(965)-72-143','cmarti'),
  ('smpraus','AOSS','Fairfax','VA',2009,'Fall','Rho','Scruffy',FALSE,'(703)-38-486','jldolan'),
  ('cwyckoff','Materials Science & Engineering','Ferndale','MI',2009,'Fall','Rho','',FALSE,'(517)-16-821','nkizy'),
  ('tabuesch','Mechanical Engineering','Pittsburgh','PA',2009,'Fall','Rho','Mango',TRUE,'(609)-13-164','cmuhich'),
  ('minnaepc','Aerospace Engineering','Newport News','VA',2014,'Fall','Theta Beta','',FALSE,'(757)-44-680','kachou'),
  ('ruansj','Mechanical Engineering','Ann Arbor','MI',2017,'Winter','Theta Beta','',TRUE,'','jessewst'),
  ('maxkotu','Electrical Engineering','Eden Prairie','MN',2011,'Fall','Phi','AB Neg Potato Chip Candyp',TRUE,'(952)-34-724','xjsixjag'),
  ('jlkron','Industrial and Operations Engineering','Dallas','TX',2006,'Fall','Iota','Yippy',FALSE,'(313)-70-334','bsw'),
  ('jfairchi','Computer Engineering','Chicago','IL',2004,'Fall','Iota','The Flash',TRUE,'(312)-08-655','jrtervol'),
  ('ranavk','Computer Science Engineering','Ann Arbor','MI',0,'','Nu Beta','',TRUE,'(248)-971-8737','kennyvan'),
  ('pdoll','Mechanical Engineering','Ann Arbor','MI',2005,'Fall','Theta','',TRUE,'(734)-44-985','rbronson'),
  ('angraor','AOSS','Kansas City','MO',2006,'Fall','Iota','Princess Commando',FALSE,'(734)-30-760','emr'),
  ('mjquinn','Electrical Engineering','Ann Arbor','MI',2005,'Fall','Iota','',TRUE,'','kgunberg'),
  ('rburkhar','Aerospace Engineering','Ann Arbor','MI',2005,'Fall','Eta','Corndogg',TRUE,'(810)-50-088','darrint'),
  ('emr','Mechanical Engineering','Ann Arbor','MI',2005,'Fall','Eta','Skipper',FALSE,'(517)-96-136','dbzero'),
  ('kgunberg','Civil Engineering','Blacksburg','VA',2005,'Fall','Theta','Chalky',FALSE,'(616)-50-405','jrtervol'),
  ('emschmid','Mechanical Engineering','Ann Arbor','MI',2004,'Fall','Theta','',FALSE,'(734)-16-113','jmellent'),
  ('alancast','Computer Science and Engineering','State College','PA',2016,'Fall','Eta Beta','xionmao (Panda)',TRUE,'(814)-33-111','justingk'),
  ('andyjm','Aerospace Engineering','Ann Arbor','MI',2017,'Fall','Kappa Beta','Cosby Sweaters',TRUE,'(517)-420-6269','sungkj'),
  ('patwan','Computer Engineering','Ann Arbor','MI',2016,'Fall','Kappa Beta','Kung Fu Panda',TRUE,'()--','emichang'),
  ('derino','Industrial Operations Engineering','Ann Arbor','MI',2018,'Winter','Kappa Beta','Piano Man',TRUE,'(734)-545-9661','monticme'),
  ('cmbaums','Material Science Engineering','Ann Arbor','MI',2017,'Winter','Kappa Beta','',FALSE,'(734)-891-5014','mmangle'),
  ('damjohn','','Ann Arbor','MI',0,'Fall','Kappa Beta','Megadeath',TRUE,'','mmangle'),
  ('kimyusun','Chemical Engineering','Ann Arbor','MI',2017,'Winter','Kappa Beta','',FALSE,'(201)-655-1281','minnaepc'),
  ('jgussert','Mechanical Engineering','Cadillac','MI',2016,'Fall','Kappa Beta','A Log of Drums',TRUE,'(231)-42-982','zmklav'),
  ('jordandr','Computer Science Engineering','Ann Arbor','MI',2017,'Winter','Kappa Beta','',TRUE,'(248)-930-7581','tkem'),
  ('lowekiah','Non-Engineering','Ann Arbor','MI',2017,'Winter','Iota Beta','',FALSE,'(734)-787-2734','rkreiter'),
  ('trburch','Mechanical Engineering','Ann Arbor','MI',2016,'Winter','Kappa Beta','',TRUE,'(217)-390-6696','louk'),
  ('megjoki','Materials Science and Engineering','Ann Arbor','MI',2010,'Fall','Phi','',FALSE,'(248)-35-003','changmar'),
  ('gmcewan','Mechanical Engineering','Ann Arbor','MI',2013,'Fall','Omega','AMURICAH!!',TRUE,'(517)-99-320','siukathr'),
  ('nricci','Aerospace Engineering','Ann Arbor','MI',0,'','Kappa Beta','',TRUE,'','repatin'),
  ('malvikab','Mechanical Engineering','Ann Arbor','MI',2011,'Fall','Omega','',FALSE,'(764)-46-771','ishaanjs'),
  ('jtmi','Computer Engineering','Cheboygan','MI',2010,'Fall','Chi','',TRUE,'(231)-20-215','cmuhich'),
  ('esoybay','Industrial and Operations Engineering','Ann Arbor','MI',2013,'Fall','Omega','',FALSE,'(734)-46-632','bethgles'),
  ('cmillera','Nuclear Engineering and Radiological Sciences','Oakland Township','MI',2013,'Fall','Omega','',TRUE,'(248)-60-734','siukathr'),
  ('kfairc','Applied Physics and Mechanical Engineering','Beaverton','OR',2009,'Fall','Omega','',TRUE,'(757)-39-686','lcrook'),
  ('mfaibish','Industrial and Operations Engineering','Ann Arbor','MI',2013,'Fall','Omega','',FALSE,'(631)-97-625','hdorer'),
  ('lcrook','Naval Architecture and Marine Engineering','Delton','MI',2010,'Fall','Chi','',FALSE,'(269)-70-003','meganelb'),
  ('aosorio','Material Science and Engineering / Electrical Engineering','Pflugerville','TX',2005,'Fall','Psi','',TRUE,'(512)-31-160','kadann'),
  ('jrswift','Biomedical Engineering','Albany','NY',2013,'Fall','Psi','',TRUE,'(616)-64-123','andybrwn'),
  ('asenyk','Industrial and Operations Engineering','Grand Ledge','MI',2012,'Fall','Psi','Jaws',FALSE,'(517)-48-445','bethgles'),
  ('stridas','Civil Engineering','Ann Arbor','MI',2013,'Fall','Delta Beta','Astrid',FALSE,'(786)-08-569','asenyk'),
  ('clemense','Mechanical Engineering','Berkley','MI',2008,'Fall','Omicron','Pinball',TRUE,'(248)-02-398','rmsherm'),
  ('rabani','Mechanical Engineering','Ann Arbor','MI',2007,'Fall','Mu','Too Big',FALSE,'(734)-17-292','jlkron'),
  ('cmarti','Material Science and Engineering','Walled Lake','MI',2007,'Fall','Mu','Mom',FALSE,'(810)-87-823','rauchs'),
  ('cmuhich','Chemical Engineering','Grosse Pointe Park','MI',2009,'Fall','Omicron','Cheese',TRUE,'(410)-54-795','quanz'),
  ('jengehle','Chemical Engineering','Ann Arbor','MI',2007,'Fall','Omicron','D\'Over',FALSE,'(517)-94-604','dparrotb'),
  ('ajfrantz','Computer Engineering','Ann Arbor','MI',2008,'Fall','Omicron','Supple',TRUE,'(313)-31-906','mjbyom'),
  ('vinnyv','IOE','Ann Arbor','MI',2008,'Fall','Omicron','F.T.',TRUE,'(516)-98-059','reedml'),
  ('milliken','Industrial and Operations Engineering','Ann Arbor','MI',2003,'Fall','Lambda','',TRUE,'(269)-76-502','tketai'),
  ('reedml','Civil Engineering','Royal Oak','MI',2007,'Fall','Lambda','S&M',FALSE,'(734)-30-551','rmsherm'),
  ('maherk','','Ann Arbor','MI',2015,'Fall','Kappa','',FALSE,'','bsw'),
  ('ensignlm','Mechanical Engineering','Ann Arbor','MI',2006,'Fall','Kappa','Bubbles',FALSE,'(586)-49-729','angraor'),
  ('quanz','Chemical Engineering','Ann Arbor','MI',2006,'Fall','Lambda','',TRUE,'','darrint'),
  ('phalexan','Civil Engineering','Chesapeake','VA',2009,'Fall','Omicron','Tiger',TRUE,'(919)-08-689','ebusen'),
  ('katsb','Aerospace','jupiter','FL',2006,'Fall','Lambda','Envy',FALSE,'(561)-93-327','angraor'),
  ('maramae','Nuclear Engineering and Radiological Sciences','Plainwell','MI',2013,'Fall','Gamma Beta','',FALSE,'(269)-90-264','adcunha'),
  ('nxlouie','Computer Science Engineering','Ann Arbor','MI',2018,'Winter','Kappa Beta','',TRUE,'(408)-702-8940','vidhyasr'),
  ('michfern','Chemical Engineering','Nashville','TN',2013,'Fall','Omega','',FALSE,'(248)-74-205','jmvan'),
  ('altung','Computer Science Engineering','Ann Arbor','MI',0,'','Mu Beta','',TRUE,'(248)-756-2231','jennyhuh'),
  ('emjburns','Industrial and Operations Engineering','San Jose','CA',2015,'Fall','Eta Beta','',FALSE,'(734)-45-220','stridas'),
  ('reider','Computer Science Engineering','Ann Arbor','MI',0,'','Nu Beta','',FALSE,'','rachneal'),
  ('thanav','Mechanical Engineering','East Lyme','CT',2013,'Fall','Gamma Beta','MVP',TRUE,'(860)-41-513','kunalm'),
  ('jennyhuh','Chemical Engineering','Ann Arbor','MI',0,'','Lambda Beta','',FALSE,'(201)-398-3439','louk'),
  ('kwolok','Biomedical Engineering','Ann Arbor','MI',2014,'Fall','Delta Beta','',TRUE,'(248)-52-343','cmillera'),
  ('rhsunnie','Industrial and Operations Engineering','South Lyon','MI',2015,'Fall','Eta Beta','Sunnie',FALSE,'(231)-36-455','flynnmo'),
  ('jbroggio','','Ann Arbor','MI',0,'Fall','Founders','Ponch',TRUE,'',''),
  ('carteraj','Electrical Engineering','Walled Lake','MI',2011,'Fall','Chi','Bingo',TRUE,'(248)-74-037','siukathr'),
  ('troywe','Naval and Marine Engineering','Ann Arbor','MI',0,'','Lambda Beta','',TRUE,'(847)-644-7752','haohsu'),
  ('rmeder','','Ann Arbor','MI',0,'Fall','Founders','Mr. Clean',TRUE,'',''),
  ('kriskim','Biomedical Engineering','Ann Arbor','MI',2015,'Fall','Zeta Beta','',FALSE,'','kamalk'),
  ('annastar','Mechanical Engineering','Ann Arbor','MI',0,'','Mu Beta','',FALSE,'(303)-358-9535','cmbaums'),
  ('cascook','Industrial Operations Engineering','Ann Arbor','MI',2017,'Winter','Theta Beta','',FALSE,'(269)-270-5572','malinare'),
  ('christag','Mechanical Engineering','Lexington','KY',2014,'Fall','Eta Beta','',FALSE,'(586)-01-374','jumilton'),
  ('fpenikis','Mechanical Engineering','Ann Arbor','MI',0,'','Lambda Beta','',FALSE,'(925)-818-7478','emichang'),
  ('ppreet','Computer Science Engineering','Ann Arbor','MI',0,'','Mu Beta','',TRUE,'(716)-491-3149','gapoorva'),
  ('ckokenoz','Chemical Engineering','Ann Arbor','MI',0,'','Lambda Beta','',FALSE,'','cascook'),
  ('sjdo','Mechanical Engineering','Ann Arbor','MI',2017,'Fall','Kappa Beta','',TRUE,'(616)-558-1146','mwrod'),
  ('dahodge','Computer Science Engineering','Ann Arbor','MI',2016,'Fall','Kappa Beta','',TRUE,'(248)-330-5392','gabelok'),
  ('ralevens','Material Science Engineering','Ann Arbor','MI',2017,'Winter','Kappa Beta','',FALSE,'','ebklouda'),
  ('chanmeec','Industrial Operations Engineering','Ann Arbor','MI',2017,'Winter','Kappa Beta','',FALSE,'(248)-565-5123','kriskim'),
  ('kelemley','Civil and Environmental Engineering','Caledonia','NY',2013,'Fall','Delta Beta','',FALSE,'(585)-09-707','maxkotu'),
  ('venugovi','Chemical Engineering','Ann Arbor','MI',2017,'Winter','Kappa Beta','',TRUE,'','jimsiang'),
  ('cmmcd','Industrial Operations Engineering','Ann Arbor','MI',2017,'Winter','Kappa Beta','',TRUE,'','botatoes'),
  ('malinare','Electrical Engineering','Ann Arbor','MI',2014,'Fall','Epsilon Beta','',FALSE,'(248)-12-100','csaucier'),
  ('ehorste','Biomedical Engineering','Ann Arbor','MI',0,'Fall','Epsilon Beta','',FALSE,'','aarthara'),
  ('kert','Electrical Engineering','Ann Arbor','MI',2005,'Fall','Xi','',TRUE,'(812)-49-728','rauchs'),
  ('fltr','Electrical Engineering','Ann Arbor','MI',2008,'Fall','Xi','Floater',TRUE,'(646)-12-080','schremsa'),
  ('zepeda','Civil Engineering','new rochelle','NY',2013,'Fall','Epsilon Beta','',FALSE,'(914)-26-694','coolbre'),
  ('jyiyang','Civil Engineering','Ann Arbor','MI',2012,'Fall','Epsilon Beta','',FALSE,'(734)-04-125','ncozen'),
  ('justingk','Industrial and Operations Engineering','Palo Alto','CA',2015,'Fall','Epsilon Beta','',TRUE,'(650)-21-507','alexng'),
  ('clooney','Mechanical Engineering','Ann Arbor','MI',2014,'Fall','Epsilon Beta','',FALSE,'','michfern'),
  ('smiatrow','Aerospace Engineering','Ann Arbor','MI',2008,'Fall','Nu','',FALSE,'(734)-49-559','kgunberg'),
  ('furlongl','IOE','Ann Arbor','MI',2007,'Fall','Nu','Dynamite',FALSE,'','angraor'),
  ('nkizy','Computer Engineering','Bloomfield Hills','MI',2008,'Fall','Nu','Beads',FALSE,'(248)-96-854','jlkron'),
  ('jsuther','Mechanical Engineering','New York','NY',2007,'Fall','Nu','',FALSE,'(248)-03-702','jcgrimm'),
  ('tanayn','Mechanical Engineering','Ann Arbor','MI',2014,'Fall','Zeta Beta','Aquaman',TRUE,'(703)-09-833','nataaron'),
  ('hnpatel','IOE','Ann Arbor','MI',2008,'Fall','Xi','No Pants',FALSE,'(734)-07-204','markalan'),
  ('kjsand','Materials Science and Engineering','Ann Arbor','MI',2007,'Fall','Xi','',FALSE,'(989)-30-970','emr'),
  ('hkast','Chemical Engineering/Pre-Med','East Lansing','Mi',2008,'Fall','Xi','',FALSE,'(248)-42-584','kgunberg'),
  ('darrint','Computer Science Engineering','Chicago','IL',2003,'Fall','Zeta','Rain Man',TRUE,'(312)-76-406','philipw'),
  ('lravindr','Computer Engineering','Golden','CO',2002,'Fall','Zeta','Scandalous',FALSE,'(720)-42-108','batchac'),
  ('oriachun','Mechanical Engineering','Ann Arbor','MI',0,'','Nu Beta','',FALSE,'(734)-430-7607','troywe'),
  ('jrnisbet','Chemical Engineering','Ann Arbor','MI',0,'','Mu Beta','',FALSE,'(734)-925-3772','kimyusun'),
  ('ntapia','Electrical Engineering','Ann Arbor','MI',2003,'Fall','Gamma','Nit',TRUE,'(734)-83-141','mascione'),
  ('avalique','','Ann Arbor','MI',0,'Fall','Gamma','',TRUE,'','jjbailey08'),
  ('stepania','EE: Systems','Ann Arbor','MI',2001,'Fall','Gamma','',TRUE,'(734)-23-861','qzhxfp'),
  ('rbronson','Aerospace Engineering','Saint Louis','MO',2004,'Fall','Epsilon','B.J. Eunichre',TRUE,'(214)-80-624','jjinnah'),
  ('jdaunoravicius','Computer Engineering','Ann Arbor','MI',2004,'Fall','Epsilon','',TRUE,'(708)-59-335','avalique'),
  ('jjinnah','EECS','Ann Arbor','MI',2000,'Fall','Delta','',TRUE,'(571)-43-689','philipw'),
  ('rileym','Mechanical Engineering','Indianapolis','IN',2002,'Fall','Delta','Bob / Mack',TRUE,'(661)-45-129','qzhxfp'),
  ('duanmua','Computer Engineering','San Francisco','CA',2013,'Fall','Zeta Beta','',TRUE,'(734)-83-330','ccprice'),
  ('jeremylc','Mechanical Engineering','Ann Arbor','MI',0,'','Lambda Beta','',TRUE,'(949)-701-6883','gapoorva'),
  ('ebklouda','Engineering','Westport','CT',2014,'Fall','Theta Beta','',FALSE,'','emjburns'),
  ('jessewst','Mechanical Engineering','Cedar Falls','IA',2016,'Fall','Eta Beta','Karate Kid',TRUE,'(319)-40-612','duanmua'),
  ('atammana','Mechanical Engineering','Ann Arbor','MI',0,'','Lambda Beta','Banana',TRUE,'(650)-823-2679','xiaobpan'),
  ('hjihong','Computer Science Engineering','Ann Arbor','MI',0,'','Mu Beta','',FALSE,'(586)-854-8062','chanmeec'),
  ('meland','M.S.E. Electrical Engineering','Ann Arbor','MI',0,'Fall','Transfer','',TRUE,'',''),
  ('nabani','Materials Science and Engineering','Ann Arbor','MI',2012,'Fall','Gamma Beta','',FALSE,'(734)-30-390','samcdev'),
  ('jmodes','Mechanical Engineering','Ann Arbor','MI',0,'','Mu Beta','',FALSE,'(734)-679-5198','jiaxin'),
  ('lispag','Civil and Environmental Engineering','Torrance','CA',2013,'Fall','Delta Beta','Charmin',FALSE,'(608)-34-532','nklam'),
  ('anlevin','Electrical Engineering','Ann Arbor','MI',0,'','Nu Beta','',TRUE,'','jamesrg'),
  ('adcunha','Mechanical Engineering','Monroe','MI',2011,'Fall','Chi','',FALSE,'(734)-31-698','smpraus'),
  ('willhorn','Mechanical Engineering','Ann Arbor','MI',0,'','Lambda Beta','',TRUE,'(856)-981-8529','derino'),
  ('gabelok','Chemical Engineering','Teaneck','NJ',2015,'Fall','Theta Beta','',FALSE,'','ldemonte'),
  ('emiupton','Climate and Space Engineering','Ann Arbor','MI',0,'','Kappa Beta','',FALSE,'(586)-907-1402','yuanm'),
  ('gregfi','Nuclear Engineering','Pittsburgh','PA',2006,'Fall','Iota','Mini-Carl',TRUE,'(412)-21-465','pdoll'),
  ('dpinkney','','Ann Arbor','MI',0,'Fall','Iota','',TRUE,'','rburkhar'),
  ('kdashair','','Ann Arbor','MI',2005,'Fall','Iota','Dawg',TRUE,'(734)-37-696','mgiska'),
  ('jcgrimm','Mechanical Engineering','Ann Arbor','MI',2006,'Fall','Iota','WorstOTever',TRUE,'(734)-46-343','bkilbour'),
  ('malbrigh','Mechanical Engineering','saint louis','MO',2005,'Fall','Iota','Righto',FALSE,'(173)-74-008','jmellent'),
  ('stoloreb','Mechanical Engineering','Ann Arbor','MI',2006,'Fall','Iota','Lefty',FALSE,'(732)-36-756','emschmid'),
  ('davemich','Chemical Engineering and Materials Science','Ann Arbor','MI',2006,'Fall','Iota','Big Dave',TRUE,'(248)-90-454','rileym'),
  ('akluck','Computer Science Engineering','Ann Arbor','MI',2005,'Fall','Iota','D.P.',TRUE,'(517)-04-270','rauchs'),
  ('markalan','Aerospace Engineering','Atlanta','GA',2006,'Fall','Iota','P.O.O.',TRUE,'(312)-25-940','jdaunoravicius'),
  ('patelmn','Aerospace Engineering','Ann Arbor','MI',2005,'Fall','Iota','JB',FALSE,'(774)-54-794','jjwashbu'),
  ('hdorer','Mechanical Engineering','Chicago','IL',2012,'Fall','Chi','',FALSE,'(810)-23-613','hwangm'),
  ('rovinski','Electrical Engineering','Ann Arbor','MI',2015,'Fall','Eta Beta','',TRUE,'(248)-14-960','kwolok'),
  ('andybrwn','Civil and Environmental Engineering','Chicago','IL',2007,'Fall','Chi','',TRUE,'(734)-12-820','rbiswas'),
  ('mwinsemi','Chemical Engineering','Ann Arbor','MI',2010,'Fall','Chi','Tonya',FALSE,'(231)-03-707','mirim'),
  ('aczubko','Chemical Engineering','Ann Arbor','MI',2014,'Fall','Eta Beta','',FALSE,'(734)-74-698','aagrajek'),
  ('aavila','Chemical Engineering','Ann Arbor','MI',2010,'Fall','Phi','',TRUE,'(810)-34-854','kphall'),
  ('coolbre','Industrial and Operations Engineering','Raleigh','NC',2012,'Fall','Gamma Beta','',FALSE,'(734)-86-746','mikeqin'),
  ('madspeck','Industrial Operations Engineering','Ann Arbor','MI',0,'','Mu Beta','',FALSE,'(586)-850-8971','monticme'),
  ('zachchoi','Computer Science Engineering','Ann Arbor','MI',0,'','Mu Beta','',TRUE,'','jgussert'),
  ('tmidde','Computer Science Engineering','Ann Arbor','MI',0,'','Mu Beta','',TRUE,'(310)-753-0877','sanjsub'),
  ('ldemonte','Chemical Engineering','Beaumont','TX',2014,'Fall','Delta Beta','',FALSE,'(734)-45-493','esoybay'),
  ('emichang','CS/BBA','Seattle','WA',2016,'Fall','Theta Beta','',FALSE,'(734)-72-314','christag'),
  ('jgaulzet','Industrial Operations Engineering','Ann Arbor','MI',0,'','Lambda Beta','',FALSE,'(248)-996-7201','lcpol'),
  ('rhchoi','Mechanical Engineering','Ann Arbor','MI',0,'Fall','Eta Beta','FTK',TRUE,'','albanka'),
  ('mhensel','Mechanical Engineering','Ann Arbor','MI',0,'Fall','Zeta Beta','',TRUE,'','njmontes'),
  ('dmcewan','Mechanical Engineering','Ann Arbor','MI',2010,'Fall','Chi','Barcans',TRUE,'(517)-99-575','rgappel'),
  ('tindeck','Industrial and Operations Engineering','Chicago','IL',2013,'Fall','Psi','Pizza \'n Stuff',TRUE,'(847)-22-572','siukathr'),
  ('lhmarks','Mechanical Engineering','Ann Arbor','MI',0,'','Lambda Beta','',TRUE,'','jessewst'),
  ('dbzero','Computer Engineering','Superior Twp','MI',2000,'Fall','Founders','Nacho',TRUE,'(248)-19-127',''),
  ('catpat','IOE','Ann Arbor','MI',2011,'Fall','Phi','',FALSE,'','hwangm'),
  ('flynnmo','Engineering Physics','Tucson','AZ',0,'Fall','Psi','',FALSE,'(678)-48-816','jgfernan'),
  ('njmontes','Mechanical Engineering','Ann Arbor','MI',0,'Fall','Psi','',TRUE,'(248)-35-206','mwinsemi'),
  ('derekdcs','Industrial and Operations Engineering','Ann Arbor','MI',1999,'Fall','Founders','Derek',TRUE,'(773)-44-537',''),
  ('kachou','Materials Science and Engineering','Troy','MI',2014,'Fall','Delta Beta','',FALSE,'(248)-25-880','mfaibish'),
  ('nklam','Industrial and Operations Engineering','Allenton','MI',2011,'Fall','Psi','',TRUE,'(906)-88-095','jrilly'),
  ('aarthara','Biomedical Engineering','Novi','MI',2013,'Fall','Psi','',FALSE,'(248)-45-159','vward'),
  ('aagrajek','Mechanical Engineering','Berkley','MI',2013,'Fall','Psi','',FALSE,'(248)-82-494','genevich'),
  ('kennyvan','Mechanical Engineering','Ann Arbor','MI',0,'','Mu Beta','',TRUE,'(616)-808-7295','xiaobpan'),
  ('kamalk','Electrical Engineering','Lanahm','MD',2012,'Fall','Omega','',TRUE,'(301)-04-890','aavila'),
  ('camphan','Mechanical Engineering','Ann Arbor','MI',0,'','Mu Beta','',TRUE,'','patwan'),
  ('caitlincramer12','Chemical Engineering','Seattle','WA',2012,'Fall','Omega','',FALSE,'(734)-31-615','megjoki'),
  ('ccprice','Computer Science','Ann Arbor','MI',2012,'Fall','Delta Beta','Jason Bourne',FALSE,'(973)-75-776','michfern'),
  ('jbrendel','Chemical Engineering','Ann Arbor','MI',2009,'Fall','Psi','',TRUE,'(734)-65-675','rosephi'),
  ('jmolesky','Chemical Engineering','Ann Arbor','MI',0,'','Lambda Beta','Snow Crab',TRUE,'(516)-317-7363','trburch'),
  ('xjsixjag','Linguistics, Chinese Language and Culture','New York','NY',2007,'Fall','Nu','',TRUE,'(989)-50-367','schremsa'),
  ('fszalay','Aerospace Engineering','Herndon','VA',2004,'Fall','Nu','Cyclone',TRUE,'(571)-14-620','tketai'),
  ('emstark','Engineering Physics','Sunnyvale','CA',2011,'Fall','Phi','Wrecking Ball',TRUE,'(818)-74-592','stanvi'),
  ('mikeqin','Industrial & Operations Engineering','Ann Arbor','MI',2012,'Fall','Phi','2 Girls, 1 Football',TRUE,'(617)-84-717','phalexan'),
  ('erekn','Aerospace and Mechanical Engineering','Ann Arbor','MI',2013,'Fall','Delta Beta','',TRUE,'','kfairc'),
  ('natbrwn','Mechanical Engineering','Saint Paul','MN',2013,'Fall','Delta Beta','',FALSE,'(303)-15-598','nclay'),
  ('jamesbl','Mechanical','Ann Arbor','MI',2005,'Fall','Nu','B.U.M.',TRUE,'(734)-76-129','jfairchi'),
  ('benfried','Aerospace Engineering','Seattle','WA',2007,'Fall','Mu','Clogger',TRUE,'(734)-58-086','jfairchi'),
  ('cdsadler','Chemical Engineering and MSE','Ann Arbor','MI',2008,'Fall','Nu','',FALSE,'(989)-45-656','malbrigh'),
  ('jldolan','Nuclear Engineering','Lambertville','NJ',2008,'Fall','Nu','',FALSE,'(517)-48-698','ensignlm'),
  ('ebusen','Aerospace','Redondo Beach','CA',2008,'Fall','Nu','Magellan',TRUE,'(424)-03-740','darrint'),
  ('mwrod','Electrical Engineering','Ann Arbor','MI',2008,'Fall','Nu','Father Rod',TRUE,'(734)-37-370','kdashair'),
  ('mezen','IOE','Ann Arbor','MI',2006,'Fall','Nu','',FALSE,'(440)-23-182','sbarr'),
  ('sassyk','MSE','Ann Arbor','MI',2006,'Fall','Nu','',FALSE,'(248)-02-927','rauchs'),
  ('batchac','Electrical Engineering','Ann Arbor','MI',2000,'Fall','Alpha','Spark',TRUE,'(817)-74-951','dbzero'),
  ('mfeustel','Mechanical Engineering','Ann Arbor','MI',2002,'Fall','Alpha','Butterknife Pete',TRUE,'(734)-17-116','jjbailey08'),
  ('aolosfsk','','Ann Arbor','MI',0,'Fall','Alpha','Shady',FALSE,'(734)-16-491','derekdcs'),
  ('mascione','Computer Engineering / MBA-MEM','Ann Arbor','MI',2002,'Fall','Alpha','Fozzie',TRUE,'(734)-04-007','jbroggio'),
  ('david.moenssen','','Ann Arbor','MI',0,'Fall','Alpha','Supa Dave',TRUE,'','muskr'),
  ('jhschaef','Material Science and Engineering','Fort Wayne','IN',2000,'Fall','Alpha','Bean',FALSE,'(260)-94-598','jjbailey08'),
  ('dcepeda','','Ann Arbor','MI',0,'Fall','Alpha','Mad Dogg',TRUE,'','jbroggio'),
  ('todd_moilanen','','Ann Arbor','MI',0,'Fall','Alpha','Tad',TRUE,'','muskr'),
  ('sbisgaie','Computer Engineering','Ann Arbor','MI',2002,'Fall','Alpha','Biscuit',TRUE,'','cworthem'),
  ('hanfan','Electrical Engineering','Ann Arbor','MI',0,'','Mu Beta','',FALSE,'','lowekiah'),
  ('weitung','Mechanical Engineering','Ann Arbor','MI',2009,'Fall','Omicron','Money Shot',FALSE,'','cdsadler'),
  ('sungkj','Chemical Engineering','Cambridge','MA',2014,'Fall','Eta Beta','',FALSE,'(231)-03-753','cecamp'),
  ('mirim','Biomedical Engineering','Ann Arbor','MI',2009,'Fall','Omicron','',FALSE,'(512)-96-810','jldolan'),
  ('dmholt','Computer Science Engineering','Ann Arbor','MI',0,'','Nu Beta','',TRUE,'','emiupton'),
  ('jelzinga','Industrial Operations Engineering','Ann Arbor','MI',0,'','Mu Beta','',TRUE,'(616)-848-9535','botatoes'),
  ('jiaxin','','Ann Arbor','MI',0,'Fall','Theta Beta','',FALSE,'()--','tanayn'),
  ('rbiswas','','Bronx','NY',0,'Fall','Tau','',TRUE,'()--','khpatel'),
  ('dallj','Aerospace Engineering','Grand Rapids','MI',2011,'Fall','Tau','',TRUE,'(616)-15-676','ajfrantz'),
  ('samcdev','Materials Science Engineering','Grosse Pointe Park','MI',2011,'Fall','Tau','',FALSE,'(313)-67-358','genevich'),
  ('ishaanjs','Business Administration - Finance','Ann Arbor','MI',2011,'Fall','Tau','',TRUE,'(734)-46-293','grailo'),
  ('rgappel','Chemical Engineering','Beaumont','TX',2010,'Fall','Upsilon','Scooby Doo',TRUE,'(248)-33-971','xjsixjag'),
  ('vward','Industrial and Operations Engineering','Port Huron','MI',2011,'Fall','Upsilon','',FALSE,'(810)-00-314','cwyckoff'),
  ('kadann','Chemical Engineering','Ann Arbor','MI',2020,'Fall','Upsilon','',FALSE,'(513)-40-198','cmarti'),
  ('meganelb','Nuclear Engineering & Radiological Sciences','Ann Arbor','MI',2010,'Fall','Upsilon','',FALSE,'','rmeggert'),
  ('jgfernan','Nuclear Engineering and Radiological Sciences','Ann Arbor','MI',2010,'Fall','Phi','Graaapedraaank 911',TRUE,'(734)-72-964','ryaneth'),
  ('louk','Industrial Operations Engineering','Ann Arbor','MI',2016,'Fall','Theta Beta','Ur mom',FALSE,'(248)-719-0069','sungkj'),
  ('ttristan','Mechanical Engineering','Ann Arbor','MI',0,'','Nu Beta','',TRUE,'(650)-678-3560','jmolesky'),
  ('dlheard','Computer Engineering','Ann Arbor','MI',0,'','Nu Beta','',TRUE,'','ralevens'),
  ('esoreide','Mechanical Engineering','Ann Arbor','MI',0,'','Mu Beta','',TRUE,'','lizsgoul'),
  ('reozdowy','Mechanical Engineering','Ann Arbor','MI',0,'Fall','Epsilon Beta','',TRUE,'','thanav'),
  ('rkreiter','Computer Science and Engineering','Ann Arbor','MI',2015,'Fall','Epsilon Beta','',TRUE,'(586)-22-022','rohansawalka'),
  ('albanka','Chemical Engineering','Muskegon','MI',2013,'Fall','Epsilon Beta','',FALSE,'(231)-70-901','gbhatia'),
  ('jimsiang','Chemical Engineering','Ann Arbor','MI',2016,'Fall','Theta Beta','',TRUE,'(248)-18-310','alexng'),
  ('nataaron','Aerospace Engineering','waukesha','WI',2012,'Fall','Gamma Beta','Professor BroHo',TRUE,'(262)-93-372','vward'),
  ('jumilton','','Ann Arbor','MI',0,'Fall','Epsilon Beta','',FALSE,'','esoybay'),
  ('thumme','Computer Science','New Hudson','MI',2013,'Fall','Epsilon Beta','',TRUE,'(989)-80-259','tindeck'),
  ('jamesrg','Materials Science and Engineering','Lake Angelus','MI',2015,'Fall','Epsilon Beta','',TRUE,'(248)-21-159','ajinebge'),
  ('saraali','Industrial Operations Engineering','Ann Arbor','MI',2013,'Fall','Delta Beta','',FALSE,'(630)-14-257','carteraj'),
  ('sylviach','Biomedical Engineering','Canton','MI',2013,'Fall','Delta Beta','',FALSE,'(734)-60-797','ishaanjs'),
  ('ryanbell','Biomedical Engineering','Ann Arbor','MI',2014,'Fall','Epsilon Beta','',TRUE,'(810)-75-106','cmillera'),
  ('monticme','Computer Science and Engineering','Northville','MI',2015,'Fall','Epsilon Beta','',FALSE,'(248)-80-765','shdeitt'),
  ('mwald','Mechanical Engineering','Ann Arbor','MI',0,'','Lambda Beta','Snowball',TRUE,'(516)-413-0508','jgussert'),
  ('domlanni','Mechanical Engineering','Livonia','MI',2013,'Fall','Delta Beta','',TRUE,'(248)-35-863','emstark'),
  ('jjwashbu','Computer Science Engineering','Ann Arbor','MI',2004,'Fall','Eta','That Guy',TRUE,'(734)-06-006','darrint'),
  ('pconlin','Psychology','Ann Arbor','MI',2005,'Fall','Eta','Gilligan',TRUE,'(734)-74-700','rbronson'),
  ('bkilbour','','Ann Arbor','MI',0,'Fall','Eta','',FALSE,'','dwallen'),
  ('squintan','Aerospace Engineering','Las Vegas','NV',2005,'Fall','Eta','Snowball',FALSE,'(702)-26-797','rbronson'),
  ('mperaino','','Ann Arbor','MI',0,'Fall','Zeta','',TRUE,'','qzhxfp'),
  ('rauchs','Industrial and Operations Engineering','Bothell','WA',2005,'Fall','Eta','Duct Tape',FALSE,'(734)-12-694','rileym'),
  ('cvanitt','','Ann Arbor','MI',0,'Fall','Zeta','',TRUE,'','mehtat'),
  ('tketai','Mechanical Engineering','San Francisco','CA',2004,'Fall','Zeta','Smooth',TRUE,'()--','jhschaef'),
  ('bsw','Biomedical Engineering','Ann Arbor','MI',2004,'Fall','Zeta','Shaft',FALSE,'(919)-75-605','dwallen'),
  ('jrtervol','IOE','Ann Arbor','MI',2003,'Fall','Zeta','',TRUE,'(804)-14-012','sbisgaie'),
  ('cworthem','Mechanical Engineering','Northville','MI',2000,'Fall','Founders','Random',TRUE,'(734)-76-783',''),
  ('rsekela1','','Ann Arbor','MI',0,'Fall','Founders','Monkey',TRUE,'',''),
  ('rachneal','Naval and Marine Architecture','Ann Arbor','MI',0,'','Mu Beta','',FALSE,'(248)-520-2168','mmangle'),
  ('afurman','','Ann Arbor','MI',0,'Fall','Alpha','Goo',TRUE,'','rmeder'),
  ('zmklav','Chemical Engineering','Laingsburg','MI',2014,'Fall','Theta Beta','',TRUE,'(517)-04-183','domlanni'),
  ('rosephi','Chemical Engineering','Battle Creek','MI',2009,'Fall','Tau','',TRUE,'(269)-74-553','benfried'),
  ('ryaneth','Aerospace Engineering','Simsbury','CT',2008,'Fall','Tau','Heinie',TRUE,'(860)-17-518','squintan'),
  ('changmar','Industrial and Operations Engineering','Ann Arbor','MI',2010,'Fall','Tau','',FALSE,'','tabuesch'),
  ('nclay','Chemical Engineering','Dearborn','MI',2011,'Fall','Tau','RELAX',TRUE,'(313)-70-036','vinnyv'),
  ('hwangm','Nuclear Engineering and Radiological Sciences','Wilmington','NC',2010,'Fall','Tau','',FALSE,'(248)-40-912','smpraus'),
  ('jmvan','IOE','Nashville','TN',2010,'Fall','Tau','Handsy Flowerpot',FALSE,'(586)-10-330','smiatrow'),
  ('ryakee','Chemical Engineering','Los Angeles','CA',2009,'Fall','Sigma','Pool Boy',TRUE,'(586)-63-693','ebusen'),
  ('rapete','Biology','Hammond','IN',2010,'Fall','Tau','',FALSE,'(219)-42-498','jrilly'),
  ('rlakhani','Mechanical Engineering','Plano','TX',2013,'Fall','Gamma Beta','',TRUE,'(734)-26-255','phalexan'),
  ('ajinebge','Computer Engineering','Warren','MI',2012,'Fall','Gamma Beta','',TRUE,'(586)-08-906','jtmi'),
  ('eaboett','Mechanical Engineering','Franklin','MI',2011,'Fall','Tau','',FALSE,'(845)-61-004','ppoisson'),
  ('siukathr','Chemical Engineering','Clarkston','MI',2010,'Fall','Tau','Nana',FALSE,'(248)-42-399','jldolan'),
  ('sbarr','Aerospace Engineering','Ann Arbor','MI',2005,'Fall','Kappa','',FALSE,'(734)-45-453','kdashair'),
  ('schremsa','Computer Engineering','Chicago','IL',0,'Fall','Kappa','Holidae In',TRUE,'()--','pconlin'),
  ('mmbowman','Biomedical Engineering','Oakland','CA',2005,'Fall','Kappa','Byom',TRUE,'(517)-49-329','jmellent'),
  ('mjbyom','Computer Engineering','Campbell','CA',2006,'Fall','Kappa','The Magic Dragon',TRUE,'(408)-10-691','jjwashbu'),
  ('alexkotu','Industrial and Operations Engineering','Ann Arbor','MI',2006,'Fall','Kappa','Pinch \'N\' Run',TRUE,'(612)-68-109','jdaunoravicius'),
  ('rmsherm','Aerospace Engineering','Tehachapi','CA',2005,'Fall','Iota','Fry',FALSE,'()--','lravindr'),
  ('kofahlum','Industrial Operations Engineering','Brighton','MI',2005,'Fall','Iota','Divine Wind',TRUE,'(734)-72-335','darrint'),
  ('dparrotb','Mechanical Engineering','East Lansing','MI',2005,'Fall','Kappa','Caulk Mobster',FALSE,'(777)-33-737','rauchs'),
  ('jmdonogh','Electrical Engineering','Ann Arbor','MI',2004,'Fall','Kappa','',TRUE,'(269)-69-493','kgunberg'),
  ('gapoorva','Computer Science Engineering','Ann Arbor','MI',2017,'Winter','Theta Beta','FAP',TRUE,'(248)-860-6707','mhensel'),
  ('lizsgoul','Mechanical Engineering','Ann Arbor','MI',0,'','Lambda Beta','Wipeout',FALSE,'(214)-505-8186','lowekiah'),
  ('rhchung','Mechanical Engineering','Ann Arbor','MI',0,'','Mu Beta','',TRUE,'(650)-492-3077','ebklouda'),
  ('anvmat','Chemical Engineering','Ann Arbor','MI',0,'','Mu Beta','Dull Tip',TRUE,'(609)-651-9034','atammana'),
  ('dingding','MS of Industrial and Operations Engineering','Ann Arbor','MI',2010,'Fall','Eta Beta','',TRUE,'(734)-04-869','ajinebge'),
  ('kunaln','Materials Science and Engineering','Marlboro','NJ',2015,'Fall','Eta Beta','',TRUE,'(732)-84-546','ryanbell'),
  ('srishtip','Environmental Engineering','Ann Arbor','MI',2016,'Fall','Theta Beta','',FALSE,'()--','rhsunnie'),
  ('isaak','Chemical Engineering','Shelby Township','MI',2016,'Fall','Eta Beta','',TRUE,'(586)-56-016','harrisri'),
  ('eguder','Industrial Operations Engineering','Ann Arbor','MI',0,'','Mu Beta','',FALSE,'(847)-990-0064','jgaulzet'),
  ('jparus','Computer Science Engineering','Ann Arbor','MI',0,'','Nu Beta','',TRUE,'','annastar'),
  ('nkhm','Computer Science Engineering','Ann Arbor','MI',2017,'Winter','Theta Beta','',TRUE,'(248)-231-5464','rohansaw'),
  ('mmangle','Computer Science Engineering','Ann Arbor','MI',2017,'Winter','Theta Beta','',FALSE,'(650)-218-4255','harrisri'),
  ('adibatra','Biomedical Engineering','Ann Arbor','MI',0,'','Mu Beta','',FALSE,'(847)-907-0928','nxlouie'),
  ('repatin','Mechanical Engineering','Ann Arbor','MI',2017,'Winter','Theta Beta','',TRUE,'','rhchoi');

INSERT INTO jobs (userid, title, company) VALUES
  ('genevich','Engineer','Pacific Northwest National Laboratory (internship)'),
  ('genevich','Engineer','ADVENT/Tetra Tech (internship)'),
  ('philipw','Engineer','Microsoft'),
  ('molsofsk','Engineer','Merck'),
  ('molsofsk','Engineer','Baxter Healthcare'),
  ('mehtat','Engineer','Abbott'),
  ('mehtat','Engineer','Hospira'),
  ('mehtat','Engineer','Amgen'),
  ('qzhxfp','Engineer','General Motors'),
  ('jmellent','Engineer','Accenture'),
  ('jmellent','Engineer','Sustainable Solutions Corp'),
  ('jmellent','Engineer','Philadelphia University'),
  ('muskr','Engineer','M&T Bank'),
  ('muskr','Engineer','General Motors'),
  ('jjbailey08','Engineer','General Motors'),
  ('jjbailey08','Engineer','American Axle'),
  ('jjbailey08','Engineer','United Solar Ovonics'),
  ('jjbailey08','Engineer','Relume Technologies'),
  ('khpatel','Engineer','Orbital Sciences Corporation'),
  ('ppoisson','Engineer','Kimberly-Clark'),
  ('kphall','Engineer','DubMeNow'),
  ('kphall','Engineer','GM'),
  ('chelseae','Engineer','Schlumberger'),
  ('chelseae','Engineer','NSF International'),
  ('smpraus','Engineer','International Technology and Trade Associates'),
  ('smpraus','Engineer','Inc.'),
  ('tabuesch','Engineer','Siemens'),
  ('tabuesch','Engineer','Rolls-Royce'),
  ('tabuesch','Engineer','GE'),
  ('angraor','Engineer','KCTV/KSMO'),
  ('angraor','Engineer','Emerson/Control Techniques'),
  ('jgussert','Engineer','Intern'),
  ('jgussert','Engineer','Moeller Manufacturing'),
  ('cmillera','Engineer','Westinghouse Electric Company'),
  ('cmillera','Engineer','Lawrence Berkeley National Laboratory'),
  ('kfairc','Engineer','US Department of Defense'),
  ('kfairc','Engineer','SPAWAR Branch'),
  ('stridas','Engineer','UofM'),
  ('stridas','Engineer','Black & Veatch'),
  ('stridas','Engineer','Pacific Gas & Electric'),
  ('rabani','Engineer','University of Michigan'),
  ('rabani','Engineer','Process Results'),
  ('rabani','Engineer','Inc.'),
  ('cmarti','Engineer','TRW'),
  ('cmarti','Engineer','Ball Aerospace'),
  ('cmarti','Engineer','Kohler'),
  ('cmarti','Engineer','Adaptive Materials'),
  ('cmarti','Engineer','Masco Cabinetry'),
  ('cmuhich','Engineer','CU Boulder'),
  ('katsb','Engineer','None'),
  ('michfern','Engineer','Air products and chemicals'),
  ('emjburns','Engineer','Cisco'),
  ('christag','Engineer','Intern'),
  ('christag','Engineer','Ford; Intern'),
  ('christag','Engineer','Neapco Drivelines LLC.'),
  ('malinare','Engineer','Sandia National Labs'),
  ('justingk','Engineer','Bosch Automotive Steering'),
  ('justingk','Engineer','Cisco Systems'),
  ('justingk','Engineer','Youth for Understanding (YFU) USA'),
  ('nkizy','Engineer','Vector CANtech'),
  ('jsuther','Engineer','Toyota'),
  ('jsuther','Engineer','Omega'),
  ('hkast','Engineer','United Solar Ovonic'),
  ('darrint','Engineer','TransMarket Group'),
  ('darrint','Engineer','LLC and Bank of America'),
  ('lravindr','Engineer','Jasper Design Automation'),
  ('rbronson','Engineer','None'),
  ('rileym','Engineer','Honda Performance Development'),
  ('rileym','Engineer','IAV'),
  ('duanmua','Engineer','Hulu'),
  ('duanmua','Engineer','Playboy'),
  ('duanmua','Engineer','Cisco'),
  ('lispag','Engineer','Barton Malow'),
  ('lispag','Engineer','Veteran\'s Hospital'),
  ('malbrigh','Engineer','Southern California Edison'),
  ('akluck','Engineer','Lockheed Martin'),
  ('markalan','Engineer','Oliver Wyman (management consulting)'),
  ('andybrwn','Engineer','Parsons Brinckerhoff'),
  ('aavila','Engineer','Owens Illinois (O-I)'),
  ('coolbre','Engineer','Interned at Walt Disney World'),
  ('ldemonte','Engineer','Dow Chemical'),
  ('tindeck','Engineer','N/A'),
  ('flynnmo','Engineer','None'),
  ('nklam','Engineer','Only GM'),
  ('caitlincramer12','Engineer','AmeriCorps VISTA'),
  ('caitlincramer12','Engineer','Intel'),
  ('fszalay','Engineer','Orbital ATK'),
  ('fszalay','Engineer','ARES Corporation'),
  ('fszalay','Engineer','Aerojet Rocketdyne'),
  ('fszalay','Engineer','Boeing'),
  ('emstark','Engineer','SpaceX'),
  ('emstark','Engineer','Keithley Instruments'),
  ('jldolan','Engineer','Department of Energy'),
  ('jhschaef','Engineer','Eaton Corporation'),
  ('sungkj','Engineer','None'),
  ('jamesrg','Engineer','Magna Electronics'),
  ('jamesrg','Engineer','Procter & Gamble'),
  ('jamesrg','Engineer','Mac Valves'),
  ('jamesrg','Engineer','Great Lakes Rubber'),
  ('squintan','Engineer','Dodge Racing'),
  ('squintan','Engineer','TPF Racing'),
  ('tketai','Engineer','Avinger'),
  ('tketai','Engineer','Evalve'),
  ('cworthem','Engineer','Visteon'),
  ('zmklav','Engineer','Merck & Co.'),
  ('zmklav','Engineer','Inc.'),
  ('nclay','Engineer','N/A'),
  ('jmvan','Engineer','General Mills'),
  ('jmvan','Engineer','Inc.'),
  ('ryakee','Engineer','Accenture'),
  ('ryakee','Engineer','Capgemini Consulting'),
  ('ajinebge','Engineer','Ford Motor Company'),
  ('eaboett','Engineer','BP'),
  ('schremsa','Engineer','Lutron'),
  ('schremsa','Engineer','AMD'),
  ('schremsa','Engineer','Toyota'),
  ('schremsa','Engineer','Keithley Instruments'),
  ('schremsa','Engineer','Consumer Energy'),
  ('mmbowman','Engineer','Merck'),
  ('kofahlum','Engineer','Comau LLC'),
  ('kofahlum','Engineer','American Axle');

INSERT INTO thetataucareer (userid, roleid, year, semester) VALUES
  ('rohansawalka','schrader',0,''),
  ('rohansawalka','pd',0,''),
  ('csaucier','pd',0,''),
  ('csaucier','advertising',0,''),
  ('gbhatia','fundraising',0,''),
  ('gbhatia','advertising',0,''),
  ('gbhatia','social',0,''),
  ('ncozen','pledgemaster',0,''),
  ('ncozen','advertising',0,''),
  ('ncozen','social',0,''),
  ('jmartog','traditions',0,''),
  ('jmartog','fundraising',0,''),
  ('simsbl','housing',0,''),
  ('simsbl','schrader',0,''),
  ('simsbl','social',0,''),
  ('simsbl','brobonding',0,''),
  ('simsbl','scribe',0,''),
  ('harrisri','rush',0,''),
  ('harrisri','philanthropy',0,''),
  ('shdeitt','fundraising',0,''),
  ('botatoes','treasurer',0,''),
  ('botatoes','advertising',0,''),
  ('alexng','traditions',0,''),
  ('alexng','web',0,''),
  ('alexng','schrader',0,''),
  ('alexng','rush',0,''),
  ('cecamp','traditions',0,''),
  ('cecamp','scribe',0,''),
  ('cecamp','historian',0,''),
  ('andredan','pd',0,''),
  ('genevich','pledgemaster',0,''),
  ('genevich','schrader',0,''),
  ('genevich','regent',0,''),
  ('genevich','viceregent',0,''),
  ('genevich','rush',0,''),
  ('britflah','philanthropy',0,''),
  ('marcmarc','web',0,''),
  ('jrilly','pledgemaster',0,''),
  ('jrilly','advertising',0,''),
  ('jrilly','academic',0,''),
  ('jwfong','schrader',0,''),
  ('jwfong','pd',0,''),
  ('jwfong','historian',0,''),
  ('jwfong','social',0,''),
  ('rmeggert','corsec',0,''),
  ('rmeggert','regent',0,''),
  ('rmeggert','advertising',0,''),
  ('rmeggert','social',0,''),
  ('audosbo','social',0,''),
  ('waimanl','pd',0,''),
  ('philipw','advertising',0,''),
  ('philipw','viceregent',0,''),
  ('molsofsk','corsec',0,''),
  ('molsofsk','social',0,''),
  ('mehtat','viceregent',0,''),
  ('mehtat','rush',0,''),
  ('qzhxfp','pledgemaster',0,''),
  ('jpmyers','schrader',0,''),
  ('jpmyers','regent',0,''),
  ('jpmyers','viceregent',0,''),
  ('dwallen','scribe',0,''),
  ('ccschul','philanthropy',0,''),
  ('mgiska','treasurer',0,''),
  ('mgiska','corsec',0,''),
  ('jmellent','regent',0,''),
  ('jmellent','fundraising',0,''),
  ('bethgles','scribe',0,''),
  ('bethgles','rush',0,''),
  ('yuanm','pd',0,''),
  ('yuanm','rush',0,''),
  ('xiaobpan','social',0,''),
  ('muskr','housing',0,''),
  ('muskr','regent',0,''),
  ('jjbailey08','regent',0,''),
  ('jjbailey08','viceregent',0,''),
  ('tkem','academic',0,''),
  ('haohsu','social',0,''),
  ('haohsu','rush',0,''),
  ('jasleung','advertising',0,''),
  ('vidhyasr','fundraising',0,''),
  ('stanvi','scribe',0,''),
  ('stanvi','academic',0,''),
  ('stanvi','social',0,''),
  ('lcpol','advertising',0,''),
  ('grailo','pd',0,''),
  ('grailo','advertising',0,''),
  ('grailo','traditions',0,''),
  ('grailo','historian',0,''),
  ('grailo','viceregent',0,''),
  ('khpatel','treasurer',0,''),
  ('khpatel','housing',0,''),
  ('khpatel','advertising',0,''),
  ('khpatel','rush',0,''),
  ('ppoisson','treasurer',0,''),
  ('ppoisson','pd',0,''),
  ('kphall','regent',0,''),
  ('kphall','viceregent',0,''),
  ('chelseae','pledgemaster',0,''),
  ('chelseae','traditions',0,''),
  ('chelseae','treasurer',0,''),
  ('smpraus','regent',0,''),
  ('smpraus','viceregent',0,''),
  ('smpraus','rush',0,''),
  ('cwyckoff','pd',0,''),
  ('cwyckoff','scribe',0,''),
  ('tabuesch','pd',0,''),
  ('tabuesch','viceregent',0,''),
  ('minnaepc','philanthropy',0,''),
  ('ruansj','academic',0,''),
  ('maxkotu','pledgemaster',0,''),
  ('maxkotu','traditions',0,''),
  ('maxkotu','housing',0,''),
  ('maxkotu','corsec',0,''),
  ('jlkron','viceregent',0,''),
  ('jlkron','scribe',0,''),
  ('jlkron','philanthropy',0,''),
  ('jfairchi','scribe',0,''),
  ('angraor','pledgemaster',0,''),
  ('angraor','corsec',0,''),
  ('angraor','regent',0,''),
  ('angraor','advertising',0,''),
  ('angraor','historian',0,''),
  ('mjquinn','web',0,''),
  ('emr','pledgemaster',0,''),
  ('kgunberg','schrader',0,''),
  ('kgunberg','regent',0,''),
  ('kgunberg','scribe',0,''),
  ('kgunberg','social',0,''),
  ('kgunberg','viceregent',0,''),
  ('emschmid','pd',0,''),
  ('emschmid','viceregent',0,''),
  ('alancast','web',0,''),
  ('alancast','social',0,''),
  ('patwan','web',0,''),
  ('cmbaums','fundraising',0,''),
  ('damjohn','academic',0,''),
  ('jordandr','web',0,''),
  ('jordandr','social',0,''),
  ('lowekiah','philanthropy',0,''),
  ('trburch','social',0,''),
  ('megjoki','pledgemaster',0,''),
  ('megjoki','regent',0,''),
  ('megjoki','academic',0,''),
  ('megjoki','social',0,''),
  ('gmcewan','pd',0,''),
  ('malvikab','pd',0,''),
  ('malvikab','social',0,''),
  ('jtmi','pledgemaster',0,''),
  ('jtmi','web',0,''),
  ('jtmi','treasurer',0,''),
  ('esoybay','traditions',0,''),
  ('esoybay','advertising',0,''),
  ('esoybay','academic',0,''),
  ('cmillera','pd',0,''),
  ('cmillera','academic',0,''),
  ('kfairc','social',0,''),
  ('mfaibish','brobonding',0,''),
  ('mfaibish','academic',0,''),
  ('mfaibish','rush',0,''),
  ('lcrook','advertising',0,''),
  ('jrswift','treasurer',0,''),
  ('jrswift','regent',0,''),
  ('asenyk','corsec',0,''),
  ('asenyk','regent',0,''),
  ('asenyk','academic',0,''),
  ('asenyk','viceregent',0,''),
  ('stridas','historian',0,''),
  ('stridas','social',0,''),
  ('clemense','pd',0,''),
  ('clemense','fundraising',0,''),
  ('rabani','schrader',0,''),
  ('rabani','regent',0,''),
  ('rabani','scribe',0,''),
  ('rabani','philanthropy',0,''),
  ('cmarti','pledgemaster',0,''),
  ('cmarti','traditions',0,''),
  ('cmarti','pd',0,''),
  ('cmarti','viceregent',0,''),
  ('cmuhich','pledgemaster',0,''),
  ('cmuhich','schrader',0,''),
  ('cmuhich','housing',0,''),
  ('cmuhich','corsec',0,''),
  ('ajfrantz','web',0,''),
  ('vinnyv','pledgemaster',0,''),
  ('vinnyv','academic',0,''),
  ('reedml','pledgemaster',0,''),
  ('maherk','social',0,''),
  ('ensignlm','social',0,''),
  ('phalexan','rush',0,''),
  ('maramae','pd',0,''),
  ('maramae','social',0,''),
  ('nxlouie','traditions',0,''),
  ('nxlouie','web',0,''),
  ('michfern','pd',0,''),
  ('michfern','traditions',0,''),
  ('michfern','schrader',0,''),
  ('michfern','historian',0,''),
  ('michfern','social',0,''),
  ('michfern','fundraising',0,''),
  ('emjburns','historian',0,''),
  ('emjburns','corsec',0,''),
  ('emjburns','brobonding',0,''),
  ('emjburns','viceregent',0,''),
  ('thanav','pd',0,''),
  ('thanav','viceregent',0,''),
  ('kwolok','housing',0,''),
  ('kwolok','fundraising',0,''),
  ('rhsunnie','advertising',0,''),
  ('rhsunnie','social',0,''),
  ('jbroggio','rush',0,''),
  ('carteraj','web',0,''),
  ('carteraj','fundraising',0,''),
  ('carteraj','housing',0,''),
  ('carteraj','corsec',0,''),
  ('carteraj','viceregent',0,''),
  ('kriskim','housing',0,''),
  ('kriskim','philanthropy',0,''),
  ('kriskim','regent',0,''),
  ('kriskim','corsec',0,''),
  ('kriskim','rush',0,''),
  ('kriskim','brobonding',0,''),
  ('cascook','philanthropy',0,''),
  ('christag','scribe',0,''),
  ('christag','regent',0,''),
  ('christag','historian',0,''),
  ('christag','philanthropy',0,''),
  ('dahodge','pd',0,''),
  ('chanmeec','advertising',0,''),
  ('kelemley','traditions',0,''),
  ('kelemley','corsec',0,''),
  ('kelemley','social',0,''),
  ('kert','pd',0,''),
  ('zepeda','advertising',0,''),
  ('jyiyang','academic',0,''),
  ('justingk','pledgemaster',0,''),
  ('justingk','regent',0,''),
  ('justingk','viceregent',0,''),
  ('justingk','philanthropy',0,''),
  ('clooney','academic',0,''),
  ('clooney','philanthropy',0,''),
  ('smiatrow','scribe',0,''),
  ('smiatrow','philanthropy',0,''),
  ('nkizy','fundraising',0,''),
  ('nkizy','academic',0,''),
  ('nkizy','scribe',0,''),
  ('jsuther','social',0,''),
  ('tanayn','advertising',0,''),
  ('tanayn','pd',0,''),
  ('tanayn','academic',0,''),
  ('hkast','advertising',0,''),
  ('darrint','web',0,''),
  ('darrint','treasurer',0,''),
  ('darrint','pd',0,''),
  ('avalique','historian',0,''),
  ('stepania','academic',0,''),
  ('rbronson','regent',0,''),
  ('jdaunoravicius','web',0,''),
  ('jdaunoravicius','philanthropy',0,''),
  ('jjinnah','corsec',0,''),
  ('duanmua','web',0,''),
  ('duanmua','social',0,''),
  ('ebklouda','social',0,''),
  ('jessewst','pledgemaster',0,''),
  ('jessewst','brobonding',0,''),
  ('jessewst','housing',0,''),
  ('jessewst','viceregent',0,''),
  ('jessewst','philanthropy',0,''),
  ('meland','housing',0,''),
  ('meland','academic',0,''),
  ('nabani','pd',0,''),
  ('nabani','viceregent',0,''),
  ('nabani','philanthropy',0,''),
  ('adcunha','schrader',0,''),
  ('adcunha','historian',0,''),
  ('gregfi','treasurer',0,''),
  ('gregfi','pd',0,''),
  ('kdashair','fundraising',0,''),
  ('jcgrimm','traditions',0,''),
  ('jcgrimm','housing',0,''),
  ('jcgrimm','academic',0,''),
  ('jcgrimm','regent',0,''),
  ('jcgrimm','viceregent',0,''),
  ('malbrigh','fundraising',0,''),
  ('stoloreb','philanthropy',0,''),
  ('akluck','web',0,''),
  ('akluck','corsec',0,''),
  ('markalan','pd',0,''),
  ('markalan','corsec',0,''),
  ('markalan','viceregent',0,''),
  ('patelmn','rush',0,''),
  ('hdorer','pd',0,''),
  ('hdorer','rush',0,''),
  ('rovinski','academic',0,''),
  ('andybrwn','pd',0,''),
  ('andybrwn','viceregent',0,''),
  ('andybrwn','philanthropy',0,''),
  ('mwinsemi','scribe',0,''),
  ('aczubko','treasurer',0,''),
  ('aczubko','housing',0,''),
  ('aczubko','viceregent',0,''),
  ('aczubko','philanthropy',0,''),
  ('coolbre','academic',0,''),
  ('ldemonte','pd',0,''),
  ('ldemonte','academic',0,''),
  ('ldemonte','philanthropy',0,''),
  ('emichang','web',0,''),
  ('emichang','pd',0,''),
  ('rhchoi','pledgemaster',0,''),
  ('rhchoi','pd',0,''),
  ('rhchoi','rush',0,''),
  ('mhensel','treasurer',0,''),
  ('mhensel','pd',0,''),
  ('mhensel','fundraising',0,''),
  ('dmcewan','pd',0,''),
  ('dmcewan','rush',0,''),
  ('dbzero','pledgemaster',0,''),
  ('dbzero','corsec',0,''),
  ('dbzero','scribe',0,''),
  ('catpat','academic',0,''),
  ('catpat','philanthropy',0,''),
  ('flynnmo','pledgemaster',0,''),
  ('flynnmo','scribe',0,''),
  ('flynnmo','advertising',0,''),
  ('flynnmo','social',0,''),
  ('njmontes','scribe',0,''),
  ('njmontes','pd',0,''),
  ('njmontes','academic',0,''),
  ('njmontes','social',0,''),
  ('derekdcs','fundraising',0,''),
  ('kachou','historian',0,''),
  ('kachou','pd',0,''),
  ('kachou','advertising',0,''),
  ('nklam','pd',0,''),
  ('aarthara','advertising',0,''),
  ('aarthara','academic',0,''),
  ('aarthara','philanthropy',0,''),
  ('aagrajek','treasurer',0,''),
  ('kamalk','scribe',0,''),
  ('kamalk','social',0,''),
  ('kamalk','viceregent',0,''),
  ('caitlincramer12','schrader',0,''),
  ('caitlincramer12','corsec',0,''),
  ('caitlincramer12','social',0,''),
  ('caitlincramer12','philanthropy',0,''),
  ('ccprice','pledgemaster',0,''),
  ('ccprice','web',0,''),
  ('ccprice','scribe',0,''),
  ('ccprice','brobonding',0,''),
  ('jbrendel','rush',0,''),
  ('xjsixjag','housing',0,''),
  ('xjsixjag','regent',0,''),
  ('xjsixjag','philanthropy',0,''),
  ('fszalay','viceregent',0,''),
  ('emstark','pledgemaster',0,''),
  ('emstark','pd',0,''),
  ('emstark','historian',0,''),
  ('emstark','rush',0,''),
  ('mikeqin','schrader',0,''),
  ('mikeqin','academic',0,''),
  ('mikeqin','rush',0,''),
  ('erekn','fundraising',0,''),
  ('natbrwn','fundraising',0,''),
  ('natbrwn','academic',0,''),
  ('natbrwn','historian',0,''),
  ('benfried','traditions',0,''),
  ('benfried','treasurer',0,''),
  ('cdsadler','historian',0,''),
  ('jldolan','rush',0,''),
  ('mwrod','fundraising',0,''),
  ('mwrod','treasurer',0,''),
  ('mwrod','academic',0,''),
  ('mwrod','historian',0,''),
  ('sassyk','rush',0,''),
  ('batchac','schrader',0,''),
  ('batchac','pd',0,''),
  ('batchac','regent',0,''),
  ('mfeustel','pd',0,''),
  ('aolosfsk','treasurer',0,''),
  ('aolosfsk','social',0,''),
  ('mascione','scribe',0,''),
  ('mascione','advertising',0,''),
  ('mascione','rush',0,''),
  ('david.moenssen','philanthropy',0,''),
  ('jhschaef','social',0,''),
  ('jhschaef','viceregent',0,''),
  ('sbisgaie','web',0,''),
  ('sbisgaie','schrader',0,''),
  ('weitung','pd',0,''),
  ('weitung','philanthropy',0,''),
  ('sungkj','pd',0,''),
  ('sungkj','advertising',0,''),
  ('sungkj','philanthropy',0,''),
  ('sungkj','traditions',0,''),
  ('sungkj','schrader',0,''),
  ('sungkj','regent',0,''),
  ('sungkj','brobonding',0,''),
  ('sungkj','scribe',0,''),
  ('mirim','pledgemaster',0,''),
  ('mirim','academic',0,''),
  ('jiaxin','schrader',0,''),
  ('jiaxin','scribe',0,''),
  ('jiaxin','rush',0,''),
  ('samcdev','traditions',0,''),
  ('samcdev','advertising',0,''),
  ('ishaanjs','schrader',0,''),
  ('ishaanjs','housing',0,''),
  ('rgappel','pd',0,''),
  ('vward','regent',0,''),
  ('vward','social',0,''),
  ('meganelb','pledgemaster',0,''),
  ('meganelb','scribe',0,''),
  ('jgfernan','fundraising',0,''),
  ('louk','traditions',0,''),
  ('louk','corsec',0,''),
  ('louk','rush',0,''),
  ('rkreiter','web',0,''),
  ('rkreiter','fundraising',0,''),
  ('albanka','schrader',0,''),
  ('albanka','academic',0,''),
  ('albanka','social',0,''),
  ('jimsiang','traditions',0,''),
  ('jimsiang','advertising',0,''),
  ('jimsiang','academic',0,''),
  ('nataaron','social',0,''),
  ('jumilton','fundraising',0,''),
  ('thumme','web',0,''),
  ('thumme','pd',0,''),
  ('thumme','rush',0,''),
  ('jamesrg','schrader',0,''),
  ('jamesrg','fundraising',0,''),
  ('sylviach','rush',0,''),
  ('ryanbell','philanthropy',0,''),
  ('monticme','pledgemaster',0,''),
  ('monticme','fundraising',0,''),
  ('monticme','corsec',0,''),
  ('domlanni','fundraising',0,''),
  ('jjwashbu','pd',0,''),
  ('pconlin','rush',0,''),
  ('bkilbour','fundraising',0,''),
  ('squintan','historian',0,''),
  ('squintan','advertising',0,''),
  ('squintan','philanthropy',0,''),
  ('rauchs','academic',0,''),
  ('bsw','scribe',0,''),
  ('bsw','regent',0,''),
  ('bsw','historian',0,''),
  ('bsw','viceregent',0,''),
  ('jrtervol','regent',0,''),
  ('jrtervol','viceregent',0,''),
  ('cworthem','treasurer',0,''),
  ('cworthem','philanthropy',0,''),
  ('rsekela1','web',0,''),
  ('zmklav','pledgemaster',0,''),
  ('zmklav','treasurer',0,''),
  ('rosephi','traditions',0,''),
  ('rosephi','viceregent',0,''),
  ('rosephi','regent',0,''),
  ('rosephi','historian',0,''),
  ('rosephi','rush',0,''),
  ('ryaneth','pd',0,''),
  ('ryaneth','academic',0,''),
  ('changmar','traditions',0,''),
  ('changmar','rush',0,''),
  ('changmar','philanthropy',0,''),
  ('nclay','corsec',0,''),
  ('nclay','housing',0,''),
  ('nclay','academic',0,''),
  ('nclay','philanthropy',0,''),
  ('hwangm','advertising',0,''),
  ('hwangm','rush',0,''),
  ('jmvan','fundraising',0,''),
  ('jmvan','social',0,''),
  ('rapete','pledgemaster',0,''),
  ('rapete','scribe',0,''),
  ('rapete','fundraising',0,''),
  ('rlakhani','traditions',0,''),
  ('rlakhani','academic',0,''),
  ('ajinebge','pledgemaster',0,''),
  ('ajinebge','web',0,''),
  ('ajinebge','regent',0,''),
  ('ajinebge','advertising',0,''),
  ('eaboett','pledgemaster',0,''),
  ('eaboett','fundraising',0,''),
  ('eaboett','viceregent',0,''),
  ('eaboett','academic',0,''),
  ('eaboett','philanthropy',0,''),
  ('siukathr','fundraising',0,''),
  ('siukathr','academic',0,''),
  ('siukathr','philanthropy',0,''),
  ('sbarr','social',0,''),
  ('schremsa','pd',0,''),
  ('schremsa','housing',0,''),
  ('schremsa','treasurer',0,''),
  ('alexkotu','regent',0,''),
  ('alexkotu','scribe',0,''),
  ('alexkotu','rush',0,''),
  ('rmsherm','scribe',0,''),
  ('rmsherm','regent',0,''),
  ('rmsherm','fundraising',0,''),
  ('dparrotb','pledgemaster',0,''),
  ('dparrotb','schrader',0,''),
  ('gapoorva','web',0,''),
  ('gapoorva','pd',0,''),
  ('gapoorva','academic',0,''),
  ('dingding','web',0,''),
  ('kunaln','pd',0,''),
  ('kunaln','housing',0,''),
  ('kunaln','rush',0,''),
  ('isaak','brobonding',0,''),
  ('isaak','housing',0,''),
  ('isaak','fundraising',0,''),
  ('mmangle','historian',0,''),
  ('mmangle','social',0,''),
  ('mmangle','philanthropy',0,''),
  ('repatin','advertising',0,''),
  ('repatin','social',0,'');

INSERT INTO auth (userid, pw, token) VALUES
  ('rohansawalka','aa38a5fc12','NOTLOGGEDIN'),
  ('csaucier','a650b9cc9d','NOTLOGGEDIN'),
  ('gbhatia','35cdfcb3b7','NOTLOGGEDIN'),
  ('ncozen','e7da557cec','NOTLOGGEDIN'),
  ('jmartog','4d256cfc20','NOTLOGGEDIN'),
  ('simsbl','318d906216','NOTLOGGEDIN'),
  ('harrisri','956a2d208f','NOTLOGGEDIN'),
  ('shdeitt','c5f8a59476','NOTLOGGEDIN'),
  ('lapohl','270b448d38','NOTLOGGEDIN'),
  ('botatoes','2e98f3d559','NOTLOGGEDIN'),
  ('bjuhrend','d4be081ff5','NOTLOGGEDIN'),
  ('mantung','92d96b29d8','NOTLOGGEDIN'),
  ('alexng','e22f0706fd','NOTLOGGEDIN'),
  ('cecamp','d52cd0d3fd','NOTLOGGEDIN'),
  ('johnkmur','8eb48a84e6','NOTLOGGEDIN'),
  ('andredan','1305dea26c','NOTLOGGEDIN'),
  ('genevich','485dad4302','NOTLOGGEDIN'),
  ('britflah','51fca6d2a3','NOTLOGGEDIN'),
  ('marcmarc','6b012e97ad','NOTLOGGEDIN'),
  ('sbatch','7d8f4efd71','NOTLOGGEDIN'),
  ('jrilly','b18d40dccb','NOTLOGGEDIN'),
  ('jwfong','10881105f9','NOTLOGGEDIN'),
  ('rmeggert','eaaab32f2e','NOTLOGGEDIN'),
  ('audosbo','42dc0366bc','NOTLOGGEDIN'),
  ('waimanl','f7ef9d8f5a','NOTLOGGEDIN'),
  ('philipw','84dd321420','NOTLOGGEDIN'),
  ('molsofsk','a79d2d3ad5','NOTLOGGEDIN'),
  ('gsabo','c3aa62d536','NOTLOGGEDIN'),
  ('mehtat','b2333e747e','NOTLOGGEDIN'),
  ('qzhxfp','0f464daf8c','NOTLOGGEDIN'),
  ('jpmyers','e4b378d14f','NOTLOGGEDIN'),
  ('dwallen','b6c307ac51','NOTLOGGEDIN'),
  ('jordzhu','b773225da8','NOTLOGGEDIN'),
  ('ccschul','50c139e9a2','NOTLOGGEDIN'),
  ('pkostas','1dfcd8dafc','NOTLOGGEDIN'),
  ('sanjsub','1b0889ec34','NOTLOGGEDIN'),
  ('mgiska','f957f96f64','NOTLOGGEDIN'),
  ('jmellent','70a4e1e6c1','NOTLOGGEDIN'),
  ('bethgles','5d1a8e5c21','NOTLOGGEDIN'),
  ('yuanm','9ccf24605e','NOTLOGGEDIN'),
  ('xiaobpan','b01d8d56e4','NOTLOGGEDIN'),
  ('muskr','cd5c993566','NOTLOGGEDIN'),
  ('jaiyeong','44bc9e17c1','NOTLOGGEDIN'),
  ('jjbailey08','fe5e73d572','NOTLOGGEDIN'),
  ('tkem','09f54d0f49','NOTLOGGEDIN'),
  ('kunalm','ac6868a506','NOTLOGGEDIN'),
  ('haohsu','afbe6b9094','NOTLOGGEDIN'),
  ('jasleung','fe0692331c','NOTLOGGEDIN'),
  ('aoaoaoa','bb976507ce','NOTLOGGEDIN'),
  ('vidhyasr','34a05122b6','NOTLOGGEDIN'),
  ('stanvi','7a7fdc124f','NOTLOGGEDIN'),
  ('lcpol','72fbcc638e','NOTLOGGEDIN'),
  ('grailo','e4caba4f54','NOTLOGGEDIN'),
  ('freemaja','455799b0ad','NOTLOGGEDIN'),
  ('khpatel','32298968fc','NOTLOGGEDIN'),
  ('ppoisson','d5004777dd','NOTLOGGEDIN'),
  ('kphall','527b7a9922','NOTLOGGEDIN'),
  ('kjschill','769780a15d','NOTLOGGEDIN'),
  ('chelseae','45e14f6010','NOTLOGGEDIN'),
  ('smpraus','5abe835459','NOTLOGGEDIN'),
  ('cwyckoff','35beb5c2e9','NOTLOGGEDIN'),
  ('tabuesch','56d2879a05','NOTLOGGEDIN'),
  ('minnaepc','b9e7d95729','NOTLOGGEDIN'),
  ('ruansj','0004025881','NOTLOGGEDIN'),
  ('maxkotu','331ec0c0bd','NOTLOGGEDIN'),
  ('jlkron','ecdbc6c6d2','NOTLOGGEDIN'),
  ('jfairchi','b20721d5c1','NOTLOGGEDIN'),
  ('ranavk','b5a8fa6a21','NOTLOGGEDIN'),
  ('pdoll','6f2654ab87','NOTLOGGEDIN'),
  ('angraor','ccef613b29','NOTLOGGEDIN'),
  ('mjquinn','167f336fdf','NOTLOGGEDIN'),
  ('rburkhar','f5fac160ad','NOTLOGGEDIN'),
  ('emr','5fa2e81bee','NOTLOGGEDIN'),
  ('kgunberg','6f38fe4018','NOTLOGGEDIN'),
  ('emschmid','c2679180e7','NOTLOGGEDIN'),
  ('alancast','ba6953aa43','NOTLOGGEDIN'),
  ('andyjm','c99e1266b1','NOTLOGGEDIN'),
  ('patwan','1ec09e2efc','NOTLOGGEDIN'),
  ('derino','89e8399c35','NOTLOGGEDIN'),
  ('cmbaums','0220283a61','NOTLOGGEDIN'),
  ('damjohn','ef7e84581a','NOTLOGGEDIN'),
  ('kimyusun','0f47492f2b','NOTLOGGEDIN'),
  ('jgussert','4a24d31537','NOTLOGGEDIN'),
  ('jordandr','cdd301badb','NOTLOGGEDIN'),
  ('lowekiah','1b284c1f85','NOTLOGGEDIN'),
  ('trburch','1808649233','NOTLOGGEDIN'),
  ('megjoki','52bbb6e523','NOTLOGGEDIN'),
  ('gmcewan','094bb13214','NOTLOGGEDIN'),
  ('nricci','5d60231a44','NOTLOGGEDIN'),
  ('malvikab','930fac9b7a','NOTLOGGEDIN'),
  ('jtmi','4cd9d40b2e','NOTLOGGEDIN'),
  ('esoybay','2bd454da75','NOTLOGGEDIN'),
  ('cmillera','095976937f','NOTLOGGEDIN'),
  ('kfairc','e3f820c195','NOTLOGGEDIN'),
  ('mfaibish','6c4a37ce6e','NOTLOGGEDIN'),
  ('lcrook','0aed602ebc','NOTLOGGEDIN'),
  ('aosorio','0d0e29867a','NOTLOGGEDIN'),
  ('jrswift','02ec5ff445','NOTLOGGEDIN'),
  ('asenyk','763dd4915f','NOTLOGGEDIN'),
  ('stridas','4c74eff049','NOTLOGGEDIN'),
  ('clemense','c7697d711c','NOTLOGGEDIN'),
  ('rabani','c29831e189','NOTLOGGEDIN'),
  ('cmarti','a7be1c3f78','NOTLOGGEDIN'),
  ('cmuhich','d34dbebefd','NOTLOGGEDIN'),
  ('jengehle','046761b460','NOTLOGGEDIN'),
  ('ajfrantz','ef9e4d1d50','NOTLOGGEDIN'),
  ('vinnyv','8de856a130','NOTLOGGEDIN'),
  ('milliken','eb8093c14f','NOTLOGGEDIN'),
  ('reedml','394fa8c1a7','NOTLOGGEDIN'),
  ('maherk','e06ca6753d','NOTLOGGEDIN'),
  ('ensignlm','036babb2d7','NOTLOGGEDIN'),
  ('quanz','98ff6e9ac0','NOTLOGGEDIN'),
  ('phalexan','60c4ca6154','NOTLOGGEDIN'),
  ('katsb','ea69622bf2','NOTLOGGEDIN'),
  ('maramae','b1c89adc74','NOTLOGGEDIN'),
  ('nxlouie','2f13e56fc9','NOTLOGGEDIN'),
  ('michfern','5dfbbbbe8e','NOTLOGGEDIN'),
  ('altung','020824a37d','NOTLOGGEDIN'),
  ('emjburns','b970235ad7','NOTLOGGEDIN'),
  ('reider','617d81ba6b','NOTLOGGEDIN'),
  ('thanav','00ad760f3a','NOTLOGGEDIN'),
  ('jennyhuh','9369dd468c','NOTLOGGEDIN'),
  ('kwolok','3cecf2d450','NOTLOGGEDIN'),
  ('rhsunnie','49c4fdeeb1','NOTLOGGEDIN'),
  ('jbroggio','6170a9d16f','NOTLOGGEDIN'),
  ('carteraj','cc603846c5','NOTLOGGEDIN'),
  ('troywe','27c48bd034','NOTLOGGEDIN'),
  ('rmeder','b823be81fd','NOTLOGGEDIN'),
  ('kriskim','52fcefad83','NOTLOGGEDIN'),
  ('annastar','071b7a1115','NOTLOGGEDIN'),
  ('cascook','7ae6214613','NOTLOGGEDIN'),
  ('christag','cb844eccaf','NOTLOGGEDIN'),
  ('fpenikis','096b208302','NOTLOGGEDIN'),
  ('ppreet','4be72421ec','NOTLOGGEDIN'),
  ('ckokenoz','4531ffde7f','NOTLOGGEDIN'),
  ('sjdo','67ad56bfe1','NOTLOGGEDIN'),
  ('dahodge','a92dc928c5','NOTLOGGEDIN'),
  ('ralevens','bc8edf1fef','NOTLOGGEDIN'),
  ('chanmeec','2a6c9bd345','NOTLOGGEDIN'),
  ('kelemley','b66b41d19f','NOTLOGGEDIN'),
  ('venugovi','6067ee71c1','NOTLOGGEDIN'),
  ('cmmcd','5c4f3d6e20','NOTLOGGEDIN'),
  ('malinare','3b10dc42e8','NOTLOGGEDIN'),
  ('ehorste','d12f2a97cc','NOTLOGGEDIN'),
  ('kert','1ef0ddabe2','NOTLOGGEDIN'),
  ('fltr','508961cd90','NOTLOGGEDIN'),
  ('zepeda','5e39e0087b','NOTLOGGEDIN'),
  ('jyiyang','d70c45b746','NOTLOGGEDIN'),
  ('justingk','828927ada9','NOTLOGGEDIN'),
  ('clooney','1dcdcd894c','NOTLOGGEDIN'),
  ('smiatrow','84bf531fe1','NOTLOGGEDIN'),
  ('furlongl','aeb6b11831','NOTLOGGEDIN'),
  ('nkizy','741952c29a','NOTLOGGEDIN'),
  ('jsuther','f5219a4794','NOTLOGGEDIN'),
  ('tanayn','ea3bb6cc42','NOTLOGGEDIN'),
  ('hnpatel','b525443107','NOTLOGGEDIN'),
  ('kjsand','0d32189f4d','NOTLOGGEDIN'),
  ('hkast','6ab583d074','NOTLOGGEDIN'),
  ('darrint','dd8676906d','NOTLOGGEDIN'),
  ('lravindr','e69eb42249','NOTLOGGEDIN'),
  ('oriachun','354b3de368','NOTLOGGEDIN'),
  ('jrnisbet','6db0c714f1','NOTLOGGEDIN'),
  ('ntapia','fa41f5d7ba','NOTLOGGEDIN'),
  ('avalique','ef7e43f3db','NOTLOGGEDIN'),
  ('stepania','87a115b03a','NOTLOGGEDIN'),
  ('rbronson','16386125f8','NOTLOGGEDIN'),
  ('jdaunoravicius','bc751e7cd8','NOTLOGGEDIN'),
  ('jjinnah','edc00b6358','NOTLOGGEDIN'),
  ('rileym','7fb8c88008','NOTLOGGEDIN'),
  ('duanmua','7ad72482f2','NOTLOGGEDIN'),
  ('jeremylc','cf51f8a880','NOTLOGGEDIN'),
  ('ebklouda','70cff84333','NOTLOGGEDIN'),
  ('jessewst','f4d51e00ea','NOTLOGGEDIN'),
  ('atammana','43964dbae2','NOTLOGGEDIN'),
  ('hjihong','f6dac9e4dc','NOTLOGGEDIN'),
  ('meland','51fc4edc85','NOTLOGGEDIN'),
  ('nabani','ff618e90f7','NOTLOGGEDIN'),
  ('jmodes','62a8a6ec53','NOTLOGGEDIN'),
  ('lispag','736d994059','NOTLOGGEDIN'),
  ('anlevin','3647813e37','NOTLOGGEDIN'),
  ('adcunha','0f50cf93c9','NOTLOGGEDIN'),
  ('willhorn','9122c0a3b6','NOTLOGGEDIN'),
  ('gabelok','df8fcfb2df','NOTLOGGEDIN'),
  ('emiupton','d0c57f7da2','NOTLOGGEDIN'),
  ('gregfi','b5673ac2d1','NOTLOGGEDIN'),
  ('dpinkney','b9164d363e','NOTLOGGEDIN'),
  ('kdashair','9467dc917f','NOTLOGGEDIN'),
  ('jcgrimm','d72c3ae316','NOTLOGGEDIN'),
  ('malbrigh','20a08e418b','NOTLOGGEDIN'),
  ('stoloreb','1d3755ab32','NOTLOGGEDIN'),
  ('davemich','f0c79f4163','NOTLOGGEDIN'),
  ('akluck','2acdc9c644','NOTLOGGEDIN'),
  ('markalan','ce946ee71c','NOTLOGGEDIN'),
  ('patelmn','79a9d73958','NOTLOGGEDIN'),
  ('hdorer','df3f43b00d','NOTLOGGEDIN'),
  ('rovinski','1ef1ea4258','NOTLOGGEDIN'),
  ('andybrwn','51b0122274','NOTLOGGEDIN'),
  ('mwinsemi','d86f7b8fb5','NOTLOGGEDIN'),
  ('aczubko','fc8f85bd36','NOTLOGGEDIN'),
  ('aavila','f0ea6f9ac3','NOTLOGGEDIN'),
  ('coolbre','801e61937f','NOTLOGGEDIN'),
  ('madspeck','92882a3b9c','NOTLOGGEDIN'),
  ('zachchoi','ae8a842976','NOTLOGGEDIN'),
  ('tmidde','da06c3cc7f','NOTLOGGEDIN'),
  ('ldemonte','eb504b8e38','NOTLOGGEDIN'),
  ('emichang','a8409308b1','NOTLOGGEDIN'),
  ('jgaulzet','f60efcbfd3','NOTLOGGEDIN'),
  ('rhchoi','28279e5654','NOTLOGGEDIN'),
  ('mhensel','484071ce28','NOTLOGGEDIN'),
  ('dmcewan','82d70f809c','NOTLOGGEDIN'),
  ('tindeck','cb6962d75d','NOTLOGGEDIN'),
  ('lhmarks','25699f13c3','NOTLOGGEDIN'),
  ('dbzero','d3782630d3','NOTLOGGEDIN'),
  ('catpat','985ee19385','NOTLOGGEDIN'),
  ('flynnmo','7e03352755','NOTLOGGEDIN'),
  ('njmontes','fc1c857223','NOTLOGGEDIN'),
  ('derekdcs','dfefe20b6d','NOTLOGGEDIN'),
  ('kachou','83412ade55','NOTLOGGEDIN'),
  ('nklam','c14bcc69a7','NOTLOGGEDIN'),
  ('aarthara','986f6ae767','NOTLOGGEDIN'),
  ('aagrajek','f742fe0ec8','NOTLOGGEDIN'),
  ('kennyvan','50f4a0c119','NOTLOGGEDIN'),
  ('kamalk','50cad6772c','NOTLOGGEDIN'),
  ('camphan','9df39ae50b','NOTLOGGEDIN'),
  ('caitlincramer12','6885ef67b6','NOTLOGGEDIN'),
  ('ccprice','4719ec5ffe','NOTLOGGEDIN'),
  ('jbrendel','1a4732f15f','NOTLOGGEDIN'),
  ('jmolesky','04b57d283c','NOTLOGGEDIN'),
  ('xjsixjag','02aa49f87e','NOTLOGGEDIN'),
  ('fszalay','fd2289e1b0','NOTLOGGEDIN'),
  ('emstark','6738c23038','NOTLOGGEDIN'),
  ('mikeqin','629a15a4ee','NOTLOGGEDIN'),
  ('erekn','dfbdd99661','NOTLOGGEDIN'),
  ('natbrwn','89df5b73a3','NOTLOGGEDIN'),
  ('jamesbl','4f4134766b','NOTLOGGEDIN'),
  ('benfried','71c087b3ac','NOTLOGGEDIN'),
  ('cdsadler','fb6afcfbb5','NOTLOGGEDIN'),
  ('jldolan','76bf9fd7e6','NOTLOGGEDIN'),
  ('ebusen','f576290a62','NOTLOGGEDIN'),
  ('mwrod','486358ef29','NOTLOGGEDIN'),
  ('mezen','43f3efd992','NOTLOGGEDIN'),
  ('sassyk','2cfd72d988','NOTLOGGEDIN'),
  ('batchac','6518dc1906','NOTLOGGEDIN'),
  ('mfeustel','6c8a52ce20','NOTLOGGEDIN'),
  ('aolosfsk','2dff4d2a43','NOTLOGGEDIN'),
  ('mascione','c092cac6e5','NOTLOGGEDIN'),
  ('david.moenssen','ae4c58e40a','NOTLOGGEDIN'),
  ('jhschaef','4191348189','NOTLOGGEDIN'),
  ('dcepeda','3c706854a6','NOTLOGGEDIN'),
  ('todd_moilanen','3e5e14d488','NOTLOGGEDIN'),
  ('sbisgaie','5a44d02ffd','NOTLOGGEDIN'),
  ('hanfan','feebf143f4','NOTLOGGEDIN'),
  ('weitung','12258be030','NOTLOGGEDIN'),
  ('sungkj','628ada17fa','NOTLOGGEDIN'),
  ('mirim','e784d8ef48','NOTLOGGEDIN'),
  ('dmholt','4ce134f554','NOTLOGGEDIN'),
  ('jelzinga','a2ab4d46ef','NOTLOGGEDIN'),
  ('jiaxin','997119d913','NOTLOGGEDIN'),
  ('rbiswas','1c89df0e9c','NOTLOGGEDIN'),
  ('dallj','7e85505249','NOTLOGGEDIN'),
  ('samcdev','bed61970b2','NOTLOGGEDIN'),
  ('ishaanjs','4300d8c387','NOTLOGGEDIN'),
  ('rgappel','07620fd62c','NOTLOGGEDIN'),
  ('vward','ade1c6b70f','NOTLOGGEDIN'),
  ('kadann','33a600279a','NOTLOGGEDIN'),
  ('meganelb','0e8c0c3027','NOTLOGGEDIN'),
  ('jgfernan','3b2b435196','NOTLOGGEDIN'),
  ('louk','37fdbd803d','NOTLOGGEDIN'),
  ('ttristan','74c30303eb','NOTLOGGEDIN'),
  ('dlheard','a889b5b649','NOTLOGGEDIN'),
  ('esoreide','6160e09d71','NOTLOGGEDIN'),
  ('reozdowy','7b240b5d6e','NOTLOGGEDIN'),
  ('rkreiter','f6c6521ffa','NOTLOGGEDIN'),
  ('albanka','81993fda0f','NOTLOGGEDIN'),
  ('jimsiang','861c58949e','NOTLOGGEDIN'),
  ('nataaron','90ea4970fe','NOTLOGGEDIN'),
  ('jumilton','af2bd8b9a6','NOTLOGGEDIN'),
  ('thumme','5d44543870','NOTLOGGEDIN'),
  ('jamesrg','35f79eca36','NOTLOGGEDIN'),
  ('saraali','1da659c2f6','NOTLOGGEDIN'),
  ('sylviach','e1df6c5bb4','NOTLOGGEDIN'),
  ('ryanbell','c65b50b915','NOTLOGGEDIN'),
  ('monticme','f690c0d895','NOTLOGGEDIN'),
  ('mwald','cdd4aa0eae','NOTLOGGEDIN'),
  ('domlanni','f3937fb2f0','NOTLOGGEDIN'),
  ('jjwashbu','fdad97b92a','NOTLOGGEDIN'),
  ('pconlin','b03aeeb903','NOTLOGGEDIN'),
  ('bkilbour','49ee19d438','NOTLOGGEDIN'),
  ('squintan','003afef33d','NOTLOGGEDIN'),
  ('mperaino','9fe1a6e08a','NOTLOGGEDIN'),
  ('rauchs','985dfb9e89','NOTLOGGEDIN'),
  ('cvanitt','537c699010','NOTLOGGEDIN'),
  ('tketai','262fd66996','NOTLOGGEDIN'),
  ('bsw','523305f7d7','NOTLOGGEDIN'),
  ('jrtervol','e2750db418','NOTLOGGEDIN'),
  ('cworthem','0007556529','NOTLOGGEDIN'),
  ('rsekela1','bf3d8fe774','NOTLOGGEDIN'),
  ('rachneal','66a24171d8','NOTLOGGEDIN'),
  ('afurman','cfabc60a9b','NOTLOGGEDIN'),
  ('zmklav','27791126ae','NOTLOGGEDIN'),
  ('rosephi','9bc45e9ff9','NOTLOGGEDIN'),
  ('ryaneth','f469dbe3ea','NOTLOGGEDIN'),
  ('changmar','6da1475a62','NOTLOGGEDIN'),
  ('nclay','fdb1757b2b','NOTLOGGEDIN'),
  ('hwangm','587c9c0e43','NOTLOGGEDIN'),
  ('jmvan','5392ea2e0a','NOTLOGGEDIN'),
  ('ryakee','8d25fcf8b8','NOTLOGGEDIN'),
  ('rapete','e80fb163bd','NOTLOGGEDIN'),
  ('rlakhani','c2a2090b2c','NOTLOGGEDIN'),
  ('ajinebge','a23e64b821','NOTLOGGEDIN'),
  ('eaboett','d5f60e7a6a','NOTLOGGEDIN'),
  ('siukathr','5e1e31ec1f','NOTLOGGEDIN'),
  ('sbarr','ce2bf49840','NOTLOGGEDIN'),
  ('schremsa','b4e82934d4','NOTLOGGEDIN'),
  ('mmbowman','9b99603413','NOTLOGGEDIN'),
  ('mjbyom','9264d9a22e','NOTLOGGEDIN'),
  ('alexkotu','225757f5ca','NOTLOGGEDIN'),
  ('rmsherm','0ebc5d618c','NOTLOGGEDIN'),
  ('kofahlum','1cacfc585a','NOTLOGGEDIN'),
  ('dparrotb','3307a6c332','NOTLOGGEDIN'),
  ('jmdonogh','a28b45a25c','NOTLOGGEDIN'),
  ('gapoorva','45a6147e4a','NOTLOGGEDIN'),
  ('lizsgoul','b900e542da','NOTLOGGEDIN'),
  ('rhchung','fd3fd11a25','NOTLOGGEDIN'),
  ('anvmat','ecbacae91e','NOTLOGGEDIN'),
  ('dingding','f11842d1b3','NOTLOGGEDIN'),
  ('kunaln','d7172295c5','NOTLOGGEDIN'),
  ('srishtip','b8a610a791','NOTLOGGEDIN'),
  ('isaak','8babc51660','NOTLOGGEDIN'),
  ('eguder','eacabee8ab','NOTLOGGEDIN'),
  ('jparus','2c8d29bf77','NOTLOGGEDIN'),
  ('nkhm','0c0add503b','NOTLOGGEDIN'),
  ('mmangle','f6c9919b22','NOTLOGGEDIN'),
  ('adibatra','d77522db7a','NOTLOGGEDIN'),
  ('repatin','31be77944a','NOTLOGGEDIN');

INSERT INTO userroles (userid, roleid) VALUES
('rohansawalka','alumni'),
('csaucier','alumni'),
('gbhatia','alumni'),
('ncozen','alumni'),
('jmartog','alumni'),
('simsbl','alumni'),
('harrisri','alumni'),
('shdeitt','alumni'),
('lapohl','alumni'),
('botatoes','alumni'),
('bjuhrend','alumni'),
('mantung','active'),
('alexng','alumni'),
('cecamp','alumni'),
('johnkmur','active'),
('andredan','alumni'),
('genevich','alumni'),
('britflah','alumni'),
('marcmarc','alumni'),
('sbatch','alumni'),
('jrilly','alumni'),
('jwfong','alumni'),
('rmeggert','alumni'),
('audosbo','alumni'),
('waimanl','alumni'),
('philipw','alumni'),
('molsofsk','alumni'),
('gsabo','alumni'),
('mehtat','alumni'),
('qzhxfp','alumni'),
('jpmyers','alumni'),
('dwallen','alumni'),
('jordzhu','active'),
('ccschul','alumni'),
('pkostas','active'),
('sanjsub','active'),
('mgiska','alumni'),
('jmellent','alumni'),
('bethgles','alumni'),
('yuanm','alumni'),
('xiaobpan','active'),
('muskr','alumni'),
('jaiyeong','alumni'),
('jjbailey08','alumni'),
('tkem','active'),
('kunalm','alumni'),
('haohsu','active'),
('jasleung','alumni'),
('aoaoaoa','active'),
('vidhyasr','active'),
('stanvi','alumni'),
('lcpol','alumni'),
('grailo','alumni'),
('freemaja','alumni'),
('khpatel','alumni'),
('ppoisson','alumni'),
('kphall','alumni'),
('kjschill','alumni'),
('chelseae','alumni'),
('smpraus','alumni'),
('cwyckoff','alumni'),
('tabuesch','alumni'),
('minnaepc','alumni'),
('ruansj','active'),
('maxkotu','alumni'),
('jlkron','alumni'),
('jfairchi','alumni'),
('ranavk','active'),
('pdoll','alumni'),
('angraor','alumni'),
('mjquinn','alumni'),
('rburkhar','alumni'),
('emr','alumni'),
('kgunberg','alumni'),
('emschmid','alumni'),
('alancast','alumni'),
('andyjm','active'),
('patwan','alumni'),
('derino','active'),
('cmbaums','active'),
('damjohn','alumni'),
('kimyusun','active'),
('jgussert','alumni'),
('jordandr','active'),
('lowekiah','active'),
('trburch','active'),
('megjoki','alumni'),
('gmcewan','alumni'),
('nricci','active'),
('malvikab','alumni'),
('jtmi','alumni'),
('esoybay','alumni'),
('cmillera','alumni'),
('kfairc','alumni'),
('mfaibish','alumni'),
('lcrook','alumni'),
('aosorio','alumni'),
('jrswift','alumni'),
('asenyk','alumni'),
('stridas','alumni'),
('clemense','alumni'),
('rabani','alumni'),
('cmarti','alumni'),
('cmuhich','alumni'),
('jengehle','alumni'),
('ajfrantz','alumni'),
('vinnyv','alumni'),
('milliken','alumni'),
('reedml','alumni'),
('maherk','alumni'),
('ensignlm','alumni'),
('quanz','alumni'),
('phalexan','alumni'),
('katsb','alumni'),
('maramae','alumni'),
('nxlouie','active'),
('michfern','alumni'),
('altung','active'),
('emjburns','alumni'),
('reider','active'),
('thanav','alumni'),
('jennyhuh','active'),
('kwolok','alumni'),
('rhsunnie','alumni'),
('jbroggio','alumni'),
('carteraj','alumni'),
('troywe','active'),
('rmeder','alumni'),
('kriskim','alumni'),
('annastar','active'),
('cascook','active'),
('christag','alumni'),
('fpenikis','active'),
('ppreet','active'),
('ckokenoz','active'),
('sjdo','active'),
('dahodge','active'),
('ralevens','active'),
('chanmeec','active'),
('kelemley','alumni'),
('venugovi','active'),
('cmmcd','active'),
('malinare','alumni'),
('ehorste','alumni'),
('kert','alumni'),
('fltr','alumni'),
('zepeda','alumni'),
('jyiyang','alumni'),
('justingk','alumni'),
('clooney','alumni'),
('smiatrow','alumni'),
('furlongl','alumni'),
('nkizy','alumni'),
('jsuther','alumni'),
('tanayn','alumni'),
('hnpatel','alumni'),
('kjsand','alumni'),
('hkast','alumni'),
('darrint','alumni'),
('lravindr','alumni'),
('oriachun','active'),
('jrnisbet','active'),
('ntapia','alumni'),
('avalique','alumni'),
('stepania','alumni'),
('rbronson','alumni'),
('jdaunoravicius','alumni'),
('jjinnah','alumni'),
('rileym','alumni'),
('duanmua','alumni'),
('jeremylc','active'),
('ebklouda','alumni'),
('jessewst','alumni'),
('atammana','active'),
('hjihong','active'),
('meland','alumni'),
('nabani','alumni'),
('jmodes','active'),
('lispag','alumni'),
('anlevin','active'),
('adcunha','alumni'),
('willhorn','active'),
('gabelok','alumni'),
('emiupton','active'),
('gregfi','alumni'),
('dpinkney','alumni'),
('kdashair','alumni'),
('jcgrimm','alumni'),
('malbrigh','alumni'),
('stoloreb','alumni'),
('davemich','alumni'),
('akluck','alumni'),
('markalan','alumni'),
('patelmn','alumni'),
('hdorer','alumni'),
('rovinski','alumni'),
('andybrwn','alumni'),
('mwinsemi','alumni'),
('aczubko','alumni'),
('aavila','alumni'),
('coolbre','alumni'),
('madspeck','active'),
('zachchoi','active'),
('tmidde','active'),
('ldemonte','alumni'),
('emichang','alumni'),
('jgaulzet','active'),
('rhchoi','alumni'),
('mhensel','alumni'),
('dmcewan','alumni'),
('tindeck','alumni'),
('lhmarks','active'),
('dbzero','alumni'),
('catpat','alumni'),
('flynnmo','alumni'),
('njmontes','alumni'),
('derekdcs','alumni'),
('kachou','alumni'),
('nklam','alumni'),
('aarthara','alumni'),
('aagrajek','alumni'),
('kennyvan','active'),
('kamalk','alumni'),
('camphan','active'),
('caitlincramer12','alumni'),
('ccprice','alumni'),
('jbrendel','alumni'),
('jmolesky','active'),
('xjsixjag','alumni'),
('fszalay','alumni'),
('emstark','alumni'),
('mikeqin','alumni'),
('erekn','alumni'),
('natbrwn','alumni'),
('jamesbl','alumni'),
('benfried','alumni'),
('cdsadler','alumni'),
('jldolan','alumni'),
('ebusen','alumni'),
('mwrod','alumni'),
('mezen','alumni'),
('sassyk','alumni'),
('batchac','alumni'),
('mfeustel','alumni'),
('aolosfsk','alumni'),
('mascione','alumni'),
('david.moenssen','alumni'),
('jhschaef','alumni'),
('dcepeda','alumni'),
('todd_moilanen','alumni'),
('sbisgaie','alumni'),
('hanfan','active'),
('weitung','alumni'),
('sungkj','alumni'),
('mirim','alumni'),
('dmholt','active'),
('jelzinga','active'),
('jiaxin','alumni'),
('rbiswas','alumni'),
('dallj','alumni'),
('samcdev','alumni'),
('ishaanjs','alumni'),
('rgappel','alumni'),
('vward','alumni'),
('kadann','alumni'),
('meganelb','alumni'),
('jgfernan','alumni'),
('louk','active'),
('ttristan','active'),
('dlheard','active'),
('esoreide','active'),
('reozdowy','alumni'),
('rkreiter','alumni'),
('albanka','alumni'),
('jimsiang','alumni'),
('nataaron','alumni'),
('jumilton','alumni'),
('thumme','alumni'),
('jamesrg','alumni'),
('saraali','alumni'),
('sylviach','alumni'),
('ryanbell','alumni'),
('monticme','alumni'),
('mwald','active'),
('domlanni','alumni'),
('jjwashbu','alumni'),
('pconlin','alumni'),
('bkilbour','alumni'),
('squintan','alumni'),
('mperaino','alumni'),
('rauchs','alumni'),
('cvanitt','alumni'),
('tketai','alumni'),
('bsw','alumni'),
('jrtervol','alumni'),
('cworthem','alumni'),
('rsekela1','alumni'),
('rachneal','active'),
('afurman','alumni'),
('zmklav','alumni'),
('rosephi','alumni'),
('ryaneth','alumni'),
('changmar','alumni'),
('nclay','alumni'),
('hwangm','alumni'),
('jmvan','alumni'),
('ryakee','alumni'),
('rapete','alumni'),
('rlakhani','alumni'),
('ajinebge','alumni'),
('eaboett','alumni'),
('siukathr','alumni'),
('sbarr','alumni'),
('schremsa','alumni'),
('mmbowman','alumni'),
('mjbyom','alumni'),
('alexkotu','alumni'),
('rmsherm','alumni'),
('kofahlum','alumni'),
('dparrotb','alumni'),
('jmdonogh','alumni'),
('gapoorva','active'),
('lizsgoul','active'),
('rhchung','active'),
('anvmat','active'),
('dingding','alumni'),
('kunaln','alumni'),
('srishtip','alumni'),
('isaak','alumni'),
('eguder','active'),
('jparus','active'),
('nkhm','active'),
('mmangle','active'),
('adibatra','active'),
('repatin','active');

INSERT INTO lineage (biguserid, littleuserid) VALUES
  ('maxkotu','rohansawalka'),
  ('caitlincramer12','csaucier'),
  ('meganelb','gbhatia'),
  ('flynnmo','ncozen'),
  ('tindeck','jmartog'),
  ('eaboett','simsbl'),
  ('asenyk','harrisri'),
  ('dmcewan','shdeitt'),
  ('smpraus','lapohl'),
  ('aczubko','botatoes'),
  ('damjohn','mantung'),
  ('waimanl','alexng'),
  ('adcunha','cecamp'),
  ('eguder','johnkmur'),
  ('schremsa','andredan'),
  ('mirim','genevich'),
  ('cdsadler','britflah'),
  ('akluck','marcmarc'),
  ('jcgrimm','sbatch'),
  ('reedml','jrilly'),
  ('jldolan','jwfong'),
  ('kphall','rmeggert'),
  ('cmarti','audosbo'),
  ('grailo','waimanl'),
  ('mascione','philipw'),
  ('jbroggio','molsofsk'),
  ('dcepeda','gsabo'),
  ('aolosfsk','mehtat'),
  ('dbzero','qzhxfp'),
  ('david.moenssen','jpmyers'),
  ('jhschaef','dwallen'),
  ('jordandr','jordzhu'),
  ('rmeggert','ccschul'),
  ('nxlouie','pkostas'),
  ('aoaoaoa','sanjsub'),
  ('philipw','mgiska'),
  ('jhschaef','jmellent'),
  ('jmvan','bethgles'),
  ('gbhatia','yuanm'),
  ('monticme','xiaobpan'),
  ('isaak','jaiyeong'),
  ('zmklav','tkem'),
  ('khpatel','kunalm'),
  ('rlakhani','haohsu'),
  ('botatoes','jasleung'),
  ('rovinski','aoaoaoa'),
  ('christag','vidhyasr'),
  ('jamesbl','stanvi'),
  ('clooney','lcpol'),
  ('rabani','grailo'),
  ('alexkotu','freemaja'),
  ('fszalay','khpatel'),
  ('alexkotu','ppoisson'),
  ('ensignlm','kphall'),
  ('schremsa','kjschill'),
  ('cmarti','chelseae'),
  ('jldolan','smpraus'),
  ('nkizy','cwyckoff'),
  ('cmuhich','tabuesch'),
  ('kachou','minnaepc'),
  ('jessewst','ruansj'),
  ('xjsixjag','maxkotu'),
  ('bsw','jlkron'),
  ('jrtervol','jfairchi'),
  ('kennyvan','ranavk'),
  ('rbronson','pdoll'),
  ('emr','angraor'),
  ('kgunberg','mjquinn'),
  ('darrint','rburkhar'),
  ('dbzero','emr'),
  ('jrtervol','kgunberg'),
  ('jmellent','emschmid'),
  ('justingk','alancast'),
  ('sungkj','andyjm'),
  ('emichang','patwan'),
  ('monticme','derino'),
  ('mmangle','cmbaums'),
  ('mmangle','damjohn'),
  ('minnaepc','kimyusun'),
  ('zmklav','jgussert'),
  ('tkem','jordandr'),
  ('rkreiter','lowekiah'),
  ('louk','trburch'),
  ('changmar','megjoki'),
  ('siukathr','gmcewan'),
  ('repatin','nricci'),
  ('ishaanjs','malvikab'),
  ('cmuhich','jtmi'),
  ('bethgles','esoybay'),
  ('siukathr','cmillera'),
  ('lcrook','kfairc'),
  ('hdorer','mfaibish'),
  ('meganelb','lcrook'),
  ('kadann','aosorio'),
  ('andybrwn','jrswift'),
  ('bethgles','asenyk'),
  ('asenyk','stridas'),
  ('rmsherm','clemense'),
  ('jlkron','rabani'),
  ('rauchs','cmarti'),
  ('quanz','cmuhich'),
  ('dparrotb','jengehle'),
  ('mjbyom','ajfrantz'),
  ('reedml','vinnyv'),
  ('tketai','milliken'),
  ('rmsherm','reedml'),
  ('bsw','maherk'),
  ('angraor','ensignlm'),
  ('darrint','quanz'),
  ('ebusen','phalexan'),
  ('angraor','katsb'),
  ('adcunha','maramae'),
  ('vidhyasr','nxlouie'),
  ('jmvan','michfern'),
  ('jennyhuh','altung'),
  ('stridas','emjburns'),
  ('rachneal','reider'),
  ('kunalm','thanav'),
  ('louk','jennyhuh'),
  ('cmillera','kwolok'),
  ('flynnmo','rhsunnie'),
  ('siukathr','carteraj'),
  ('haohsu','troywe'),
  ('kamalk','kriskim'),
  ('cmbaums','annastar'),
  ('malinare','cascook'),
  ('jumilton','christag'),
  ('emichang','fpenikis'),
  ('gapoorva','ppreet'),
  ('cascook','ckokenoz'),
  ('mwrod','sjdo'),
  ('gabelok','dahodge'),
  ('ebklouda','ralevens'),
  ('kriskim','chanmeec'),
  ('maxkotu','kelemley'),
  ('jimsiang','venugovi'),
  ('botatoes','cmmcd'),
  ('csaucier','malinare'),
  ('aarthara','ehorste'),
  ('rauchs','kert'),
  ('schremsa','fltr'),
  ('coolbre','zepeda'),
  ('ncozen','jyiyang'),
  ('alexng','justingk'),
  ('michfern','clooney'),
  ('kgunberg','smiatrow'),
  ('angraor','furlongl'),
  ('jlkron','nkizy'),
  ('jcgrimm','jsuther'),
  ('nataaron','tanayn'),
  ('markalan','hnpatel'),
  ('emr','kjsand'),
  ('kgunberg','hkast'),
  ('philipw','darrint'),
  ('batchac','lravindr'),
  ('troywe','oriachun'),
  ('kimyusun','jrnisbet'),
  ('mascione','ntapia'),
  ('jjbailey08','avalique'),
  ('qzhxfp','stepania'),
  ('jjinnah','rbronson'),
  ('avalique','jdaunoravicius'),
  ('philipw','jjinnah'),
  ('qzhxfp','rileym'),
  ('ccprice','duanmua'),
  ('gapoorva','jeremylc'),
  ('emjburns','ebklouda'),
  ('duanmua','jessewst'),
  ('xiaobpan','atammana'),
  ('chanmeec','hjihong'),
  ('samcdev','nabani'),
  ('jiaxin','jmodes'),
  ('nklam','lispag'),
  ('jamesrg','anlevin'),
  ('smpraus','adcunha'),
  ('derino','willhorn'),
  ('ldemonte','gabelok'),
  ('yuanm','emiupton'),
  ('pdoll','gregfi'),
  ('rburkhar','dpinkney'),
  ('mgiska','kdashair'),
  ('bkilbour','jcgrimm'),
  ('jmellent','malbrigh'),
  ('emschmid','stoloreb'),
  ('rileym','davemich'),
  ('rauchs','akluck'),
  ('jdaunoravicius','markalan'),
  ('jjwashbu','patelmn'),
  ('hwangm','hdorer'),
  ('kwolok','rovinski'),
  ('rbiswas','andybrwn'),
  ('mirim','mwinsemi'),
  ('aagrajek','aczubko'),
  ('kphall','aavila'),
  ('mikeqin','coolbre'),
  ('monticme','madspeck'),
  ('jgussert','zachchoi'),
  ('sanjsub','tmidde'),
  ('esoybay','ldemonte'),
  ('christag','emichang'),
  ('lcpol','jgaulzet'),
  ('albanka','rhchoi'),
  ('njmontes','mhensel'),
  ('rgappel','dmcewan'),
  ('siukathr','tindeck'),
  ('jessewst','lhmarks'),
  ('hwangm','catpat'),
  ('jgfernan','flynnmo'),
  ('mwinsemi','njmontes'),
  ('mfaibish','kachou'),
  ('jrilly','nklam'),
  ('vward','aarthara'),
  ('genevich','aagrajek'),
  ('xiaobpan','kennyvan'),
  ('aavila','kamalk'),
  ('patwan','camphan'),
  ('megjoki','caitlincramer12'),
  ('michfern','ccprice'),
  ('rosephi','jbrendel'),
  ('trburch','jmolesky'),
  ('schremsa','xjsixjag'),
  ('tketai','fszalay'),
  ('stanvi','emstark'),
  ('phalexan','mikeqin'),
  ('kfairc','erekn'),
  ('nclay','natbrwn'),
  ('jfairchi','jamesbl'),
  ('jfairchi','benfried'),
  ('malbrigh','cdsadler'),
  ('ensignlm','jldolan'),
  ('darrint','ebusen'),
  ('kdashair','mwrod'),
  ('sbarr','mezen'),
  ('rauchs','sassyk'),
  ('dbzero','batchac'),
  ('jjbailey08','mfeustel'),
  ('derekdcs','aolosfsk'),
  ('jbroggio','mascione'),
  ('muskr','david.moenssen'),
  ('jjbailey08','jhschaef'),
  ('jbroggio','dcepeda'),
  ('muskr','todd_moilanen'),
  ('cworthem','sbisgaie'),
  ('lowekiah','hanfan'),
  ('cdsadler','weitung'),
  ('cecamp','sungkj'),
  ('jldolan','mirim'),
  ('emiupton','dmholt'),
  ('botatoes','jelzinga'),
  ('tanayn','jiaxin'),
  ('khpatel','rbiswas'),
  ('ajfrantz','dallj'),
  ('genevich','samcdev'),
  ('grailo','ishaanjs'),
  ('xjsixjag','rgappel'),
  ('cwyckoff','vward'),
  ('cmarti','kadann'),
  ('rmeggert','meganelb'),
  ('ryaneth','jgfernan'),
  ('sungkj','louk'),
  ('jmolesky','ttristan'),
  ('ralevens','dlheard'),
  ('lizsgoul','esoreide'),
  ('thanav','reozdowy'),
  ('rohansawalka','rkreiter'),
  ('gbhatia','albanka'),
  ('alexng','jimsiang'),
  ('vward','nataaron'),
  ('esoybay','jumilton'),
  ('tindeck','thumme'),
  ('ajinebge','jamesrg'),
  ('carteraj','saraali'),
  ('ishaanjs','sylviach'),
  ('cmillera','ryanbell'),
  ('shdeitt','monticme'),
  ('jgussert','mwald'),
  ('emstark','domlanni'),
  ('darrint','jjwashbu'),
  ('rbronson','pconlin'),
  ('dwallen','bkilbour'),
  ('rbronson','squintan'),
  ('qzhxfp','mperaino'),
  ('rileym','rauchs'),
  ('mehtat','cvanitt'),
  ('jhschaef','tketai'),
  ('dwallen','bsw'),
  ('sbisgaie','jrtervol'),
  ('mmangle','rachneal'),
  ('rmeder','afurman'),
  ('domlanni','zmklav'),
  ('benfried','rosephi'),
  ('squintan','ryaneth'),
  ('tabuesch','changmar'),
  ('vinnyv','nclay'),
  ('smpraus','hwangm'),
  ('smiatrow','jmvan'),
  ('ebusen','ryakee'),
  ('jrilly','rapete'),
  ('phalexan','rlakhani'),
  ('jtmi','ajinebge'),
  ('ppoisson','eaboett'),
  ('jldolan','siukathr'),
  ('kdashair','sbarr'),
  ('pconlin','schremsa'),
  ('jmellent','mmbowman'),
  ('jjwashbu','mjbyom'),
  ('jdaunoravicius','alexkotu'),
  ('lravindr','rmsherm'),
  ('darrint','kofahlum'),
  ('rauchs','dparrotb'),
  ('kgunberg','jmdonogh'),
  ('mhensel','gapoorva'),
  ('lowekiah','lizsgoul'),
  ('ebklouda','rhchung'),
  ('atammana','anvmat'),
  ('ajinebge','dingding'),
  ('ryanbell','kunaln'),
  ('rhsunnie','srishtip'),
  ('harrisri','isaak'),
  ('jgaulzet','eguder'),
  ('annastar','jparus'),
  ('rohansaw','nkhm'),
  ('harrisri','mmangle'),
  ('nxlouie','adibatra'),
  ('rhchoi','repatin');

insert into mastcontent (mastimg) values
  ('images/mast/mast1.jpg'),
  ('images/mast/mast2.jpg'),
  ('images/mast/mast3.jpg'),
  ('images/mast/mast4.jpg'),
  ('images/mast/mast5.jpg');