# This data imported from fraternity_data_sql_backup_2016-08-06.sql

use thetatau_db;
INSERT INTO roles (roleid, title, contact_email) VALUES
  ('regent','Regent','tht-pres@umich.edu'),
  ('viceregent','Vice Regent','tht-regents@umich.edu'),
  ('scribe','Scribe','tht-scribe@umich.edu'),
  ('treasurer','Treasurer','tht-treasurer@umich.edu'),
  ('corsec','Corresponding Secretary','tht-corsec@umich.edu'),
  ('pledgemaster','Pledge Chair','tht-pledge@umich.edu'),
  ('rush','Rush Chair','tht-rush@umich.edu'),
  ('pd','Professional Development Chair','tht-pd@umich.edu'),
  ('philanthropy','Philanthropy Chair','tht-philanthropy@umich.edu'),
  ('social','Social Chair','tht-socialcom@umich.edu'),
  ('fundraising','Fundraising Chair','tht-funds@umich.edu'),
  ('web','Web Chair','tht-web.committee@umich.edu'),
  ('advertising','Advertising Chair','tht-advertising@umich.edu'),
  ('recsports','Recreational Sports Chair','tht-recsports@umich.edu'),
  ('traditions','Traditions Chair','tht-traditions@umich.edu'),
  ('historian','Historian','tht-historian@umich.edu'),
  ('pfcdelgate','PFC Delgate','tht-pfc@umich.edu'),
  ('apoorva','Tht-Apoorva','tht-apoorva@umich.edu'),
  ('academic','Academic Chair','tht-academic@umich.edu'),
  ('bylawreview','Bylaw Review Chair','tht-bylaws@umich.edu'),
  ('brobonding','Brother Bonding Chair','tht-brobonding@umich.edu'),
  ('corpspons','Corporate Sponsorship Chair','tht-corporate@umich.edu'),
  ('housing','Housing Chair','tht-housing@umich.edu'),
  ('schrader','Schrader','tht-schrader@umich.edu'),
  ('wellness','Wellness Chair','tht-wellness@umich.edu'),
  ('pledge','Pledge',''),
  ('active','Active Brother',''),
  ('alumni','Alumni',''),
  ('rushee','Rushee','');

INSERT INTO users (userid, firstname, lastname, roll, verified, email, img) VALUES
  ('rohansawalka','Rohan','Sawalka','216', FALSE, 'rohansaw@umich.edu','images/member-profiles/default_profile_img.jpg'),
  ('csaucier','Celine','Saucier','217', FALSE, 'csaucier@umich.edu','images/member-profiles/default_profile_img.jpg'),
  ('gbhatia','Geetika','Bhatia','214', FALSE, 'gbhatia@umich.edu','images/member-profiles/default_profile_img.jpg'),
  ('ncozen','Naz','Ozen','215', FALSE, 'ncozen@umich.edu','images/member-profiles/default_profile_img.jpg'),
  ('jmartog','Joseph','Martoglio','212', FALSE, 'jmartog@umich.edu','images/member-profiles/default_profile_img.jpg'),
  ('simsbl','Brandon','Sims','213', FALSE, 'Brandon.Lee.Sims@gmail.com','images/member-profiles/default_profile_img.jpg'),
  ('harrisri','Rianna','Harris','210', FALSE, 'harrisri@umich.edu','images/member-profiles/default_profile_img.jpg'),
  ('shdeitt','Scott','Deittrick','211', FALSE, 'shdeitt@umich.edu','images/member-profiles/default_profile_img.jpg'),
  ('lapohl','Lyndsey','Pohl','165', FALSE, 'lapohl@umich.edu','images/member-profiles/default_profile_img.jpg'),
  ('botatoes','Bo-ying','Fu','264', FALSE, 'Botatoes@gmail.com','images/member-profiles/default_profile_img.jpg'),
  ('gabelok','Gabrielle','Belok','265', FALSE, 'gabelok@umich.edu','images/member-profiles/default_profile_img.jpg'),
  ('mantung','Mantung','Lai','346', FALSE, 'mantung@umich.edu','images/member-profiles/default_profile_img.jpg'),
  ('alexng','Alexander','Ng','218', FALSE, 'alexng@umich.edu','images/member-profiles/default_profile_img.jpg'),
  ('cecamp','Charlotte','Campbell','219', FALSE, 'cecamp@umich.edu','images/member-profiles/default_profile_img.jpg'),
  ('johnkmur','Jack','Murphy','344', FALSE, 'johnkmur@umich.edu','images/member-profiles/default_profile_img.jpg'),
  ('andredan','Andrew','Danielsky','132', FALSE, 'andredan@umich.edu','images/member-profiles/default_profile_img.jpg'),
  ('genevich','David','Genevich','131', FALSE, 'genevich@umich.edu','images/member-profiles/default_profile_img.jpg'),
  ('britflah','Brittany','Flaherty','130', FALSE, 'britflah@umich.edu','images/member-profiles/default_profile_img.jpg'),
  ('marcmarc','Marcus','Lewis','137', FALSE, 'marcmarc@umich.edu','images/member-profiles/default_profile_img.jpg'),
  ('sbatch','Steven','Batchelor','136', FALSE, 'sbatch@umich.edu','images/member-profiles/default_profile_img.jpg'),
  ('jrilly','Jessica','Rilly','135', FALSE, 'jrilly@umich.edu','images/member-profiles/default_profile_img.jpg'),
  ('jwfong','Jessica','Fong','134', FALSE, 'jwfong@umich.edu','images/member-profiles/default_profile_img.jpg'),
  ('rmeggert','Rachel','Eggert','139', FALSE, 'rmeggert@umich.edu','images/member-profiles/default_profile_img.jpg'),
  ('audosbo','Audra','Osborne','138', FALSE, 'audosbo@umich.edu','images/member-profiles/default_profile_img.jpg'),
  ('waimanl','Waiman','Liu','166', FALSE, 'waimanl@umich.edu','images/member-profiles/default_profile_img.jpg'),
  ('philipw','Philip','Waligora','24', FALSE, 'phil.waligora@gmail.com','images/member-profiles/default_profile_img.jpg'),
  ('molsofsk','Matthew','Olsofsky','25', FALSE, 'molsofsk@hotmail.com','images/member-profiles/default_profile_img.jpg'),
  ('gsabo','Gregory','Sabo','26', FALSE, 'gsabo@umich.edu','images/member-profiles/default_profile_img.jpg'),
  ('mehtat','Tanuj','Mehta','27', FALSE, 'mehtat@hotmail.com','images/member-profiles/default_profile_img.jpg'),
  ('qzhxfp','Elizabeth','Gardner','20', FALSE, 'gardnerea@gmail.com','images/member-profiles/default_profile_img.jpg'),
  ('jpmyers','John','Myers','21', FALSE, 'jpmyers19@yahoo.com','images/member-profiles/default_profile_img.jpg'),
  ('dwallen','Dan','Allen','22', FALSE, 'dwallen@umich.edu','images/member-profiles/default_profile_img.jpg'),
  ('jordzhu','Jordan','Zhu','353', FALSE, 'jordzhu@umich.edu','images/member-profiles/default_profile_img.jpg'),
  ('ccschul','Caitlin','Schultz','160', FALSE, 'ccschul@umich.edu','images/member-profiles/default_profile_img.jpg'),
  ('pkostas','Kostas','Papadopoulos','352', FALSE, 'pkostas@umich.edu','images/member-profiles/default_profile_img.jpg'),
  ('sanjsub','Sanjay','Subramanian','314', FALSE, 'sanjsub@umich.edu','images/member-profiles/default_profile_img.jpg'),
  ('mgiska','Mark','Giska','28', FALSE, 'mgiska@umich.edu','images/member-profiles/default_profile_img.jpg'),
  ('jmellent','James','Mellentine','29', FALSE, 'James.mellentine@gmail.com','images/member-profiles/default_profile_img.jpg'),
  ('bethgles','Bethany','Glesner','161', FALSE, 'bethanyg27@gmail.com','images/member-profiles/default_profile_img.jpg'),
  ('yuanm','Molly','Ma','289', FALSE, 'yuanm@umich.edu','images/member-profiles/default_profile_img.jpg'),
  ('xiaobpan','Xiao Bin','Pan','288', FALSE, 'xiaobpan@umich.edu','images/member-profiles/default_profile_img.jpg'),
  ('muskr','Carl','Fischer','4', FALSE, 'julian.broggio4@gmail.com','images/member-profiles/default_profile_img.jpg'),
  ('jaiyeong','Jai','Koh','281', FALSE, 'jaiyeong@umich.edu','images/member-profiles/default_profile_img.jpg'),
  ('jjbailey08','Jason','Bailey','8', FALSE, 'jjbailey08@gmail.com','images/member-profiles/default_profile_img.jpg'),
  ('tkem','Tyler','Kemerer','283', FALSE, 'tkem@umich.edu','images/member-profiles/default_profile_img.jpg'),
  ('kunalm','Kunal','Mehta','163', FALSE, 'kunalm@umich.edu','images/member-profiles/default_profile_img.jpg'),
  ('haohsu','Howard','Hsu','285', FALSE, 'haohsu@umich.edu','images/member-profiles/default_profile_img.jpg'),
  ('jasleung','Jason','Leung','284', FALSE, 'jasleung@umich.edu','images/member-profiles/default_profile_img.jpg'),
  ('aoaoaoa','Andrew','Ao','287', FALSE, 'aoaoaoa@umich.edu','images/member-profiles/default_profile_img.jpg'),
  ('vidhyasr','Srivi','Sridhar','286', FALSE, 'vidhyasr@umich.edu','images/member-profiles/default_profile_img.jpg'),
  ('stanvi','Tanvi','Singh','119', FALSE, 'stanvi@umich.edu','images/member-profiles/default_profile_img.jpg'),
  ('lcpol','Lauren','Pollard','258', FALSE, 'lcpol@umich.edu','images/member-profiles/default_profile_img.jpg'),
  ('grailo','Nick','McGrail','120', FALSE, 'grailo@umich.edu','images/member-profiles/default_profile_img.jpg'),
  ('freemaja','Jim','Freeman','121', FALSE, 'freemaja@gmail.com','images/member-profiles/default_profile_img.jpg'),
  ('khpatel','Karan','Patel','122', FALSE, 'aeroski3@gmail.com','images/member-profiles/default_profile_img.jpg'),
  ('ppoisson','Phillip','Poisson','123', FALSE, 'philpoisson@gmail.com','images/member-profiles/default_profile_img.jpg'),
  ('kphall','Karen','Szalay','124', FALSE, 'kph.szalay@gmail.com','images/member-profiles/default_profile_img.jpg'),
  ('kjschill','Kristopher','Schilling','125', FALSE, 'kjschill@umich.edu','images/member-profiles/default_profile_img.jpg'),
  ('chelseae','Chelsea','Ellis','126', FALSE, 'Chemellis@gmail.com','images/member-profiles/default_profile_img.jpg'),
  ('smpraus','Stephanie','Crawford','127', FALSE, 'stephanie.praus@gmail.com','images/member-profiles/default_profile_img.jpg'),
  ('cwyckoff','Casady','Wyckoff','128', FALSE, 'cwyckoff@umich.edu','images/member-profiles/default_profile_img.jpg'),
  ('tabuesch','Todd','Bueschen','129', FALSE, 'tabuesch@umich.edu','images/member-profiles/default_profile_img.jpg'),
  ('minnaepc','Minnae','Chabwera','269', FALSE, 'minnaepc@umich.edu','images/member-profiles/default_profile_img.jpg'),
  ('ruansj','Darius','Ruan','268', FALSE, 'ruansj@umich.edu','images/member-profiles/default_profile_img.jpg'),
  ('maxkotu','Max','Kotula','167', FALSE, 'maxkotu@umich.edu','images/member-profiles/default_profile_img.jpg'),
  ('jlkron','Jessica','Kron','59', FALSE, 'Jlkron@gmail.com','images/member-profiles/default_profile_img.jpg'),
  ('jfairchi','Joe','Fairchild','58', FALSE, 'jfairchi@umich.edu','images/member-profiles/default_profile_img.jpg'),
  ('ranavk','Varun','Rana','341', FALSE, 'ranavk@umich.edu','images/member-profiles/default_profile_img.jpg'),
  ('pdoll','Patrick','Doll','55', FALSE, 'pdoll@umich.edu','images/member-profiles/default_profile_img.jpg'),
  ('angraor','Amanda','Graor','57', FALSE, 'amanda.graor@gmail.com','images/member-profiles/default_profile_img.jpg'),
  ('mjquinn','Michael','Quinn','56', FALSE, 'mjquinn@umich.edu','images/member-profiles/default_profile_img.jpg'),
  ('rburkhar','Russell','Burkhard','51', FALSE, 'rburkhar@umich.edu','images/member-profiles/default_profile_img.jpg'),
  ('emr','Erin','Robbins','50', FALSE, 'robbins.erin@gmail.com','images/member-profiles/default_profile_img.jpg'),
  ('kgunberg','Kathryn','(Gunberg) Clark','53', FALSE, 'kate@kategunberg.com','images/member-profiles/default_profile_img.jpg'),
  ('emschmid','Erica','Schmidt','52', FALSE, 'emschmid@umich.edu','images/member-profiles/default_profile_img.jpg'),
  ('alancast','Alexandros','Lancaster','259', FALSE, 'alancast@umich.edu','images/member-profiles/default_profile_img.jpg'),
  ('andyjm','Andrew','McCaughna','298', FALSE, 'andyjm@umich.edu','images/member-profiles/default_profile_img.jpg'),
  ('patwan','Patrick','Wan','299', FALSE, 'patwan@umich.edu','images/member-profiles/default_profile_img.jpg'),
  ('derino','Derin','Ozen','296', FALSE, 'derino@umich.edu','images/member-profiles/default_profile_img.jpg'),
  ('cmbaums','Clarissa','Baumgarten','297', FALSE, 'cmbaums@umich.edu','images/member-profiles/default_profile_img.jpg'),
  ('damjohn','John','Damrath IV','294', FALSE, 'damjohn@umich.edu','images/member-profiles/default_profile_img.jpg'),
  ('kimyusun','Yusun','Kim','295', FALSE, 'kimyusun@umich.edu','images/member-profiles/default_profile_img.jpg'),
  ('jgussert','Joseph','Gussert','292', FALSE, 'jgussert@outlook.com','images/member-profiles/default_profile_img.jpg'),
  ('jordandr','Jordan','Ridenour','293', FALSE, 'jordandr@umich.edu','images/member-profiles/default_profile_img.jpg'),
  ('lowekiah','Kiah','Lowe','290', FALSE, 'lowekiah@umich.edu','images/member-profiles/default_profile_img.jpg'),
  ('trburch','Travis','Burch','291', FALSE, 'trburch@umich.edu','images/member-profiles/default_profile_img.jpg'),
  ('megjoki','Meghan','Joki','164', FALSE, 'megjoki@gmail.com','images/member-profiles/default_profile_img.jpg'),
  ('gmcewan','Greg','McEwan','201', FALSE, 'gmcewan@umich.edu','images/member-profiles/default_profile_img.jpg'),
  ('nricci','Nick','Ricci','307', FALSE, 'nricci@umich.edu','images/member-profiles/default_profile_img.jpg'),
  ('malvikab','Malvika','Bhatia','199', FALSE, 'malvikab@umich.edu','images/member-profiles/default_profile_img.jpg'),
  ('jtmi','Josh','Miyamoto','179', FALSE, 'jtmi@umich.edu','images/member-profiles/default_profile_img.jpg'),
  ('esoybay','Eda','Soybay','200', FALSE, 'esoybay@umich.edu','images/member-profiles/default_profile_img.jpg'),
  ('cmillera','Cameron','Miller','195', FALSE, 'cmillera@umich.edu','images/member-profiles/default_profile_img.jpg'),
  ('kfairc','Kyle','Faircloth','194', FALSE, 'KRFaircloth@gmail.com','images/member-profiles/default_profile_img.jpg'),
  ('mfaibish','Melanie','Faibish','197', FALSE, 'mfaibish@umich.edu','images/member-profiles/default_profile_img.jpg'),
  ('lcrook','Laura','Crookston','178', FALSE, 'lcrook@umich.edu','images/member-profiles/default_profile_img.jpg'),
  ('aosorio','Antonio','Osorio','191', FALSE, 'aosorio@umich.edu','images/member-profiles/default_profile_img.jpg'),
  ('jrswift','James','Swift','190', FALSE, 'jrswift@umich.edu','images/member-profiles/default_profile_img.jpg'),
  ('asenyk','Abigail','Senyk','192', FALSE, 'asenyk@umich.edu','images/member-profiles/default_profile_img.jpg'),
  ('stridas','Astrid','Santiago','227', FALSE, 'stridas@umich.edu','images/member-profiles/default_profile_img.jpg'),
  ('clemense','Eileen','(Clemens) Galloway','114', FALSE, 'eileenrgalloway@gmail.com','images/member-profiles/default_profile_img.jpg'),
  ('rabani','Rosa','Bushkuhl','88', FALSE, 'rabani@gmail.com','images/member-profiles/default_profile_img.jpg'),
  ('cmarti','Courtney','Martin','89', FALSE, 'cmarti@umich.edu','images/member-profiles/default_profile_img.jpg'),
  ('cmuhich','Chris','Muhich','111', FALSE, 'cmuhich@gmail.com','images/member-profiles/default_profile_img.jpg'),
  ('jengehle','Jennifer','Gehle','110', FALSE, 'jengehle@umich.edu','images/member-profiles/default_profile_img.jpg'),
  ('ajfrantz','AJ','Frantz','113', FALSE, 'ajfrantz@umich.edu','images/member-profiles/default_profile_img.jpg'),
  ('vinnyv','Vincent','Verdeschi','112', FALSE, 'vinnyv@umich.edu','images/member-profiles/default_profile_img.jpg'),
  ('milliken','Jacob','Milliken','82', FALSE, 'jamilliken@aep.com','images/member-profiles/default_profile_img.jpg'),
  ('reedml','Maggie','(Reed) Myers','83', FALSE, 'reedml@umich.edu','images/member-profiles/default_profile_img.jpg'),
  ('maherk','Kate','Maher','80', FALSE, 'maherk@umich.edu','images/member-profiles/default_profile_img.jpg'),
  ('ensignlm','Larisa','Ensign','81', FALSE, 'ensignlm@umich.edu','images/member-profiles/default_profile_img.jpg'),
  ('quanz','Quan (Kevin)','Zhu','86', FALSE, 'quanz@umich.edu','images/member-profiles/default_profile_img.jpg'),
  ('phalexan','Phillip','Clark','118', FALSE, 'phillip.a.clark@gmail.com','images/member-profiles/default_profile_img.jpg'),
  ('katsb','Kathryn','Moyer (Blodgett)','84', FALSE, 'Hamokmonky@gmail.com','images/member-profiles/default_profile_img.jpg'),
  ('maramae','Mara','Watson','204', FALSE, 'maramae@umich.edu','images/member-profiles/default_profile_img.jpg'),
  ('nxlouie','Nathan','Louie','304', FALSE, 'nxlouie@umich.edu','images/member-profiles/default_profile_img.jpg'),
  ('michfern','Michelle','Fernandes','198', FALSE, 'michelle.fern1@gmail.com','images/member-profiles/default_profile_img.jpg'),
  ('altung','Anthony','Tung','329', FALSE, 'altung@umich.edu','images/member-profiles/default_profile_img.jpg'),
  ('emjburns','Emily','Burns','256', FALSE, 'emjburns@umich.edu','images/member-profiles/default_profile_img.jpg'),
  ('thanav','Vivek','Thanabal','206', FALSE, 'thanav@umich.edu','images/member-profiles/default_profile_img.jpg'),
  ('jennyhuh','Jenny','Huh','315', FALSE, 'jennyhuh@umich.edu','images/member-profiles/default_profile_img.jpg'),
  ('kwolok','Kyle','Wolok','226', FALSE, 'kwolok@umich.edu','images/member-profiles/default_profile_img.jpg'),
  ('rhsunnie','Ritong','Han','257', FALSE, 'rhsunnie@umich.edu','images/member-profiles/default_profile_img.jpg'),
  ('jbroggio','Julian','Broggio','3', FALSE, 'jbroggio@hotmail.com','images/member-profiles/default_profile_img.jpg'),
  ('carteraj','A.J.','Carter','177', FALSE, 'carteraj@umich.edu','images/member-profiles/default_profile_img.jpg'),
  ('troywe','Troyer','Wallace-Evans','316', FALSE, 'troywe@umich.edu','images/member-profiles/default_profile_img.jpg'),
  ('rmeder','Ryan','Meder','7', FALSE, 'rmeder@engin.umich.edu','images/member-profiles/default_profile_img.jpg'),
  ('bjuhrend','Brianna','Juhrend',' 262', FALSE, 'bjuhrend@umich.edu','images/member-profiles/default_profile_img.jpg'),
  ('kriskim','Kristina','Kim','247', FALSE, 'kriskim@umich.edu','images/member-profiles/default_profile_img.jpg'),
  ('annastar','Anna','Starodubtseva','330', FALSE, 'annastar@umich.edu','images/member-profiles/default_profile_img.jpg'),
  ('cascook','Cassie','Cook','273', FALSE, 'cascook@umich.edu','images/member-profiles/default_profile_img.jpg'),
  ('christag','Christa','Gibara','255', FALSE, 'christag@umich.edu','images/member-profiles/default_profile_img.jpg'),
  ('fpenikis','Francine','Penikis','317', FALSE, 'fpenikis@umich.edu','images/member-profiles/default_profile_img.jpg'),
  ('ppreet','Preet','Patel','335', FALSE, 'ppreet@umich.edu','images/member-profiles/default_profile_img.jpg'),
  ('ckokenoz','Cigdem','Kokenoz','318', FALSE, 'ckokenoz@umich.edu','images/member-profiles/default_profile_img.jpg'),
  ('sjdo','Steven','Do','300', FALSE, 'sjdo@umich.edu','images/member-profiles/default_profile_img.jpg'),
  ('dahodge','David','Hodgson','301', FALSE, 'dahodge@umich.edu','images/member-profiles/default_profile_img.jpg'),
  ('ralevens','Rachel','Levenson','302', FALSE, 'ralevens@umich.edu','images/member-profiles/default_profile_img.jpg'),
  ('chanmeec','Chanmee','Chung','303', FALSE, 'chanmeec@umich.edu','images/member-profiles/default_profile_img.jpg'),
  ('kelemley','Kristin','Lemley','225', FALSE, 'kelemley@umich.edu','images/member-profiles/default_profile_img.jpg'),
  ('venugovi','Vikas','Venugopal','305', FALSE, 'venugovi@umich.edu','images/member-profiles/default_profile_img.jpg'),
  ('cmmcd','Chris','McDonald','306', FALSE, 'cmmcd@umich.edu','images/member-profiles/default_profile_img.jpg'),
  ('malinare','Rebecca','Malinas','245', FALSE, 'becmalin@gmail.com','images/member-profiles/default_profile_img.jpg'),
  ('ehorste','Ellen','Horste','244', FALSE, 'ehorste@umich.edu','images/member-profiles/default_profile_img.jpg'),
  ('kert','Kurt','Oster','108', FALSE, 'kurt.oster@gmail.com','images/member-profiles/default_profile_img.jpg'),
  ('fltr','Patrick','Liu','109', FALSE, 'ltrick@umich.edu','images/member-profiles/default_profile_img.jpg'),
  ('zepeda','Yanet','Zepeda','241', FALSE, 'zepeda@umich.edu','images/member-profiles/default_profile_img.jpg'),
  ('jyiyang','Jackie','Jo','240', FALSE, 'jackiejiao3@gmail.com','images/member-profiles/default_profile_img.jpg'),
  ('justingk','Justin','Koehler','243', FALSE, 'justingkoehler@gmail.com','images/member-profiles/default_profile_img.jpg'),
  ('clooney','Chrissy','Looney','242', FALSE, 'clooney@umich.edu','images/member-profiles/default_profile_img.jpg'),
  ('smiatrow','Stephanie','Iatrow','102', FALSE, 'smiatrow@umich.edu','images/member-profiles/default_profile_img.jpg'),
  ('furlongl','Lauren','Furlong','103', FALSE, 'furlongl@umich.edu','images/member-profiles/default_profile_img.jpg'),
  ('nkizy','Nicole','Kizy Gramenos','100', FALSE, 'nicole.kizy@gmail.com','images/member-profiles/default_profile_img.jpg'),
  ('jsuther','Jennifer','Vaughan','101', FALSE, 'Vaughanjenniferl@gmail.com','images/member-profiles/default_profile_img.jpg'),
  ('tanayn','Tanay','Nerurkar','249', FALSE, 'tanayn@umich.edu','images/member-profiles/default_profile_img.jpg'),
  ('hnpatel','Heetal','Patel','107', FALSE, 'hnpatel@umich.edu','images/member-profiles/default_profile_img.jpg'),
  ('kjsand','Kelly','Sanderson','104', FALSE, 'kjsand@umich.edu','images/member-profiles/default_profile_img.jpg'),
  ('hkast','Hillary','Tyranski','105', FALSE, 'hillarykast@gmail.com','images/member-profiles/default_profile_img.jpg'),
  ('darrint','Darrin','Tracy','39', FALSE, 'darrin.tracy@gmail.com','images/member-profiles/default_profile_img.jpg'),
  ('lravindr','Latha','Mellentine','38', FALSE, 'lravindr@gmail.com','images/member-profiles/default_profile_img.jpg'),
  ('oriachun','Gloria','Chun','342', FALSE, 'oriachun@umich.edu','images/member-profiles/default_profile_img.jpg'),
  ('jrnisbet','Jacqueline','Nisbet','323', FALSE, 'jrnisbet@umich.edu','images/member-profiles/default_profile_img.jpg'),
  ('ntapia','Nityanan','Tapia','32', FALSE, 'nityanantapia@hotmail.com','images/member-profiles/default_profile_img.jpg'),
  ('avalique','Andy','Valiquett','31', FALSE, 'avalique@umich.edu','images/member-profiles/default_profile_img.jpg'),
  ('stepania','Jack','Stepanian','30', FALSE, 'stepania@umich.edu','images/member-profiles/default_profile_img.jpg'),
  ('rbronson','Reid','Bronson','37', FALSE, 'reid.bronson@gmail.com','images/member-profiles/default_profile_img.jpg'),
  ('jdaunoravicius','Jonas','Daunoravicius','36', FALSE, 'jdaunora@gmail.com','images/member-profiles/default_profile_img.jpg'),
  ('jjinnah','Javed','Jinnah','35', FALSE, 'jjinnah@umich.edu','images/member-profiles/default_profile_img.jpg'),
  ('rileym','Marvin','Riley','34', FALSE, 'mracer314@yahoo.com','images/member-profiles/default_profile_img.jpg'),
  ('duanmua','Alan','Duanmu','246', FALSE, 'alan.duanmu@gmail.com','images/member-profiles/default_profile_img.jpg'),
  ('reider','Elle','Reid','351', FALSE, 'reider@umich.edu','images/member-profiles/default_profile_img.jpg'),
  ('jeremylc','Jeremy','Chen','310', FALSE, 'jeremylc@umich.edu','images/member-profiles/default_profile_img.jpg'),
  ('ebklouda','Emily','Klouda','282', FALSE, 'ebklouda@umich.edu','images/member-profiles/default_profile_img.jpg'),
  ('jessewst','Jesse','Streicher','252', FALSE, 'jessewst@umich.edu','images/member-profiles/default_profile_img.jpg'),
  ('atammana','Aditya','Tammana','308', FALSE, 'atammana@umich.edu','images/member-profiles/default_profile_img.jpg'),
  ('hjihong','Hannah','Hong','338', FALSE, 'hjihong@umich.edu','images/member-profiles/default_profile_img.jpg'),
  ('meland','Matthew','Land','163', FALSE, 'meland@umich.edu','images/member-profiles/default_profile_img.jpg'),
  ('nabani','Nina','Abani','205', FALSE, 'nabani@umich.edu','images/member-profiles/default_profile_img.jpg'),
  ('jmodes','Jane','Modes','326', FALSE, 'jmodes@umich.edu','images/member-profiles/default_profile_img.jpg'),
  ('lispag','Lisandra','Pagan','223', FALSE, 'lisandra.d.pagan@gmail.com','images/member-profiles/default_profile_img.jpg'),
  ('anlevin','Andrew','Levin','349', FALSE, 'anlevin@umich.edu','images/member-profiles/default_profile_img.jpg'),
  ('adcunha','Asha','D\'Cunha','176', FALSE, 'adcunha@umich.edu','images/member-profiles/default_profile_img.jpg'),
  ('willhorn','William','Horner','320', FALSE, 'willhorn@umich.edu','images/member-profiles/default_profile_img.jpg'),
  ('hanfan','Hannah','Fan','328', FALSE, 'hanfan@umich.edu','images/member-profiles/default_profile_img.jpg'),
  ('emiupton','Emily','Upton','321', FALSE, 'emiupton@umich.edu','images/member-profiles/default_profile_img.jpg'),
  ('gregfi','Greg','Fischer','60', FALSE, 'Greg.A.Fischer@gmail.com','images/member-profiles/default_profile_img.jpg'),
  ('dpinkney','David','Pinkney','61', FALSE, 'dpinkney@umich.edu','images/member-profiles/default_profile_img.jpg'),
  ('kdashair','Kiran','Dashairya','62', FALSE, 'kdashair@gmail.com','images/member-profiles/default_profile_img.jpg'),
  ('jcgrimm','Jeff','Grimm','63', FALSE, 'jcgrimm@umich.edu','images/member-profiles/default_profile_img.jpg'),
  ('malbrigh','Michelle','Olsofsky','64', FALSE, 'malbrigh@gmail.com','images/member-profiles/default_profile_img.jpg'),
  ('stoloreb','Rebecca','Stoloff','65', FALSE, 'stoloreb@umich.edu','images/member-profiles/default_profile_img.jpg'),
  ('davemich','David','Preston','66', FALSE, 'davemich@umich.edu','images/member-profiles/default_profile_img.jpg'),
  ('akluck','Aaron','Kluck','67', FALSE, 'aaron@kluck.cc','images/member-profiles/default_profile_img.jpg'),
  ('markalan','Mark','Thomas','68', FALSE, 'mark.thomas.jr@gmail.com','images/member-profiles/default_profile_img.jpg'),
  ('patelmn','Monika','Patel','69', FALSE, 'patelmn@umich.edu','images/member-profiles/default_profile_img.jpg'),
  ('hdorer','Heather','Dorer','175', FALSE, 'hdorer@umich.edu','images/member-profiles/default_profile_img.jpg'),
  ('rovinski','Austin','Roviniski','251', FALSE, 'rovinski@umich.edu','images/member-profiles/default_profile_img.jpg'),
  ('andybrwn','Andy','Brown','173', FALSE, 'andy.b53@gmail.com','images/member-profiles/default_profile_img.jpg'),
  ('mwinsemi','Mary','Winsemius','172', FALSE, 'mwinsemi@umich.edu','images/member-profiles/default_profile_img.jpg'),
  ('aczubko','Allie','Czubko','254', FALSE, 'aczubko@umich.edu','images/member-profiles/default_profile_img.jpg'),
  ('aavila','Aaron','Avila','170', FALSE, 'aaron.i.avila@gmail.com','images/member-profiles/default_profile_img.jpg'),
  ('coolbre','Breanna','Jackson','203', FALSE, 'bljackson0807@gmail.com','images/member-profiles/default_profile_img.jpg'),
  ('madspeck','Madison','Speck','325', FALSE, 'madspeck@umich.edu','images/member-profiles/default_profile_img.jpg'),
  ('zachchoi','Zach','Choi','327', FALSE, 'zachchoi@umich.edu','images/member-profiles/default_profile_img.jpg'),
  ('tmidde','Tarun','Midde','334', FALSE, 'tmidde@umich.edu','images/member-profiles/default_profile_img.jpg'),
  ('ldemonte','Elizabeth','DeMonte','222', FALSE, 'Ecdemonte@gmail.com','images/member-profiles/default_profile_img.jpg'),
  ('emichang','Emily','Chang','271', FALSE, 'emichang@umich.edu','images/member-profiles/default_profile_img.jpg'),
  ('jgaulzet','Jaime','Gaulzetti','311', FALSE, 'jgaulzet@umich.edu','images/member-profiles/default_profile_img.jpg'),
  ('rhchoi','Robin','Choi','253', FALSE, 'rhchoi@umich.edu','images/member-profiles/default_profile_img.jpg'),
  ('mhensel','Marc','Hensel','248', FALSE, 'mhensel@umich.edu','images/member-profiles/default_profile_img.jpg'),
  ('dmcewan','Doug','McEwan','182', FALSE, 'dmcewan@umich.edu','images/member-profiles/default_profile_img.jpg'),
  ('tindeck','Tom','Indeck','183', FALSE, 'tindeck@gmail.com','images/member-profiles/default_profile_img.jpg'),
  ('lhmarks','Lucas','Marks','319', FALSE, 'lhmarks@umich.edu','images/member-profiles/default_profile_img.jpg'),
  ('dbzero','Dan','Jensen','2', FALSE, 'dbzero@umich.edu','images/member-profiles/default_profile_img.jpg'),
  ('catpat','Catherine','Patterson','162', FALSE, 'catpat@umich.edu','images/member-profiles/default_profile_img.jpg'),
  ('flynnmo','Molly','Flynn','187', FALSE, 'molrflynn@gmail.com','images/member-profiles/default_profile_img.jpg'),
  ('njmontes','Nicholas','Montes','184', FALSE, 'njmontes@umich.edu','images/member-profiles/default_profile_img.jpg'),
  ('derekdcs','Derek','Sorensen','6', FALSE, 'derekdcs@umich.edu','images/member-profiles/default_profile_img.jpg'),
  ('kachou','Kathleen','Chou','220', FALSE, 'kachou@umich.edu','images/member-profiles/default_profile_img.jpg'),
  ('nklam','Nathan','Klamerus','186', FALSE, 'nklamerus@gmail.com','images/member-profiles/default_profile_img.jpg'),
  ('aarthara','Aarthi','Arab','188', FALSE, 'aarthara@umich.edu','images/member-profiles/default_profile_img.jpg'),
  ('aagrajek','Abby','Grajek','189', FALSE, 'aagrajek@gmail.com','images/member-profiles/default_profile_img.jpg'),
  ('kennyvan','Kenny','Van','331', FALSE, 'kennyvan@umich.edu','images/member-profiles/default_profile_img.jpg'),
  ('kamalk','Kamal','Knight','202', FALSE, 'kamalk@umich.edu','images/member-profiles/default_profile_img.jpg'),
  ('camphan','Chanon','Amphan','336', FALSE, 'camphan@umich.edu','images/member-profiles/default_profile_img.jpg'),
  ('caitlincramer12','Caitlin','Cramer','196', FALSE, 'ccram@umich.edu','images/member-profiles/default_profile_img.jpg'),
  ('ccprice','Carolyn','Price','221', FALSE, 'ccprice@umich.edu','images/member-profiles/default_profile_img.jpg'),
  ('jbrendel','Jason','Brendel','185', FALSE, 'jbrendel87@gmail.com','images/member-profiles/default_profile_img.jpg'),
  ('jmolesky','Jared','Molesky','309', FALSE, 'jmolesky@umich.edu','images/member-profiles/default_profile_img.jpg'),
  ('xjsixjag','Nate','LaFave','99', FALSE, 'nathan.lafave@gmail.com','images/member-profiles/default_profile_img.jpg'),
  ('fszalay','Francis','Szalay','98', FALSE, 'fszalay@gmail.com','images/member-profiles/default_profile_img.jpg'),
  ('emstark','Ethan','Stark','168', FALSE, 'stark.ethan@gmail.com','images/member-profiles/default_profile_img.jpg'),
  ('mikeqin','Michael','Qin','169', FALSE, 'mikeqin@umich.edu','images/member-profiles/default_profile_img.jpg'),
  ('erekn','Erek','Walker','229', FALSE, 'erekn@umich.edu','images/member-profiles/default_profile_img.jpg'),
  ('natbrwn','Natalie','Brown','228', FALSE, 'natpoleon91@gmail.com','images/member-profiles/default_profile_img.jpg'),
  ('jamesbl','James','Bloomsburgh','91', FALSE, 'jamesbl@umich.edu','images/member-profiles/default_profile_img.jpg'),
  ('benfried','Ben','Friedland','90', FALSE, 'benfried@umich.edu','images/member-profiles/default_profile_img.jpg'),
  ('cdsadler','Christina','Sadler','93', FALSE, 'cdsadler@umich.edu','images/member-profiles/default_profile_img.jpg'),
  ('jldolan','Jennifer','Dolan','92', FALSE, 'Dolanjld@gmail.com','images/member-profiles/default_profile_img.jpg'),
  ('ebusen','Eli','Busen','95', FALSE, 'ebusen@gmail.com','images/member-profiles/default_profile_img.jpg'),
  ('mwrod','Matthew','Rodriguez','94', FALSE, 'mwrod@umich.edu','images/member-profiles/default_profile_img.jpg'),
  ('mezen','Michelle','Zenczak','97', FALSE, 'mezen@umich.edu','images/member-profiles/default_profile_img.jpg'),
  ('sassyk','Kendra','Sass','96', FALSE, 'sassyk@umich.edu','images/member-profiles/default_profile_img.jpg'),
  ('batchac','Drew','Batchelder','11', FALSE, 'andrew.c.batchelder@lmco.com','images/member-profiles/default_profile_img.jpg'),
  ('mfeustel','Matt','Feustel','10', FALSE, 'mfeustel@umich.edu','images/member-profiles/default_profile_img.jpg'),
  ('aolosfsk','Angie','Olsofsky','13', FALSE, 'aolosfsk@yahoo.com','images/member-profiles/default_profile_img.jpg'),
  ('mascione','Mark','Ascione','12', FALSE, 'mcascione@gmail.com','images/member-profiles/default_profile_img.jpg'),
  ('david.moenssen','Dave','Moenssen','15', FALSE, 'david.moenssen@honeywell.com','images/member-profiles/default_profile_img.jpg'),
  ('jhschaef','Julianne','Geimer (Schaefer)','14', FALSE, 'jhschaef@yahoo.com','images/member-profiles/default_profile_img.jpg'),
  ('dcepeda','Darin','Cepeda','17', FALSE, 'decepda@austin.rr.com','images/member-profiles/default_profile_img.jpg'),
  ('todd_moilanen','Todd','Moilanen','16', FALSE, 'todd_moilanen@hotmail.com','images/member-profiles/default_profile_img.jpg'),
  ('sbisgaie','Stan','Bisgaier','18', FALSE, 'stanb@ufl.edu','images/member-profiles/default_profile_img.jpg'),
  ('libbyej','Elizabeth','Erickson','350', FALSE, 'libbyej@umich.edu','images/member-profiles/default_profile_img.jpg'),
  ('weitung','Cindy','Wang','117', FALSE, 'weitung@umich.edu','images/member-profiles/default_profile_img.jpg'),
  ('sungkj','Ki-Joo','Sung','250', FALSE, 'kjsung07@gmail.com','images/member-profiles/default_profile_img.jpg'),
  ('mirim','Miriam','Scherkenbach','116', FALSE, 'mirim@umich.edu','images/member-profiles/default_profile_img.jpg'),
  ('dmholt','Diego','Holt','345', FALSE, 'dmholt@umich.edu','images/member-profiles/default_profile_img.jpg'),
  ('jelzinga','Jake','Elzinga','340', FALSE, 'jelzinga@umich.edu','images/member-profiles/default_profile_img.jpg'),
  ('jiaxin','Jiaxin','Wang','275', FALSE, 'jiaxin@umich.edu','images/member-profiles/default_profile_img.jpg'),
  ('rbiswas','Rohan','Biswas','151', FALSE, 'rbiswas34@gmail.com','images/member-profiles/default_profile_img.jpg'),
  ('dallj','Jeremy','Dall','150', FALSE, 'dallj@umich.edu','images/member-profiles/default_profile_img.jpg'),
  ('samcdev','Shannon','McDevitt','153', FALSE, 'samcdev@umich.edu','images/member-profiles/default_profile_img.jpg'),
  ('ishaanjs','Ishaan','Shah','152', FALSE, 'ishaanjs@umich.edu','images/member-profiles/default_profile_img.jpg'),
  ('rgappel','Robert','Appel','155', FALSE, 'rgappel@gmail.com','images/member-profiles/default_profile_img.jpg'),
  ('vward@umich.edu','Veronica','Ward','154', FALSE, 'vward@umich.edu','images/member-profiles/default_profile_img.jpg'),
  ('kadann','Kristin','Dannemiller','157', FALSE, 'kadann@umich.edu','images/member-profiles/default_profile_img.jpg'),
  ('meganelb','Megan','Brown','156', FALSE, 'meganelb@umich.edu','images/member-profiles/default_profile_img.jpg'),
  ('jgfernan','Jason','Fernandez','159', FALSE, 'jgfernan@umich.edu','images/member-profiles/default_profile_img.jpg'),
  ('louk','Kimberly','Louie','277', FALSE, 'louk@umich.edu','images/member-profiles/default_profile_img.jpg'),
  ('ttristan','Tristan','Tom','348', FALSE, 'ttristan@umich.edu','images/member-profiles/default_profile_img.jpg'),
  ('dlheard','Derek','Heard','347', FALSE, 'dlheard@umich.edu','images/member-profiles/default_profile_img.jpg'),
  ('esoreide','Erik','Soreide','322', FALSE, 'esoreide@umich.edu','images/member-profiles/default_profile_img.jpg'),
  ('reozdowy','Richard','Ozdowy','234', FALSE, 'reozdowy@umich.edu','images/member-profiles/default_profile_img.jpg'),
  ('rkreiter','Ryan','Kreiter','238', FALSE, 'rkreiter@umich.edu','images/member-profiles/default_profile_img.jpg'),
  ('albanka','Alison','Banka','239', FALSE, 'albanka@umich.edu','images/member-profiles/default_profile_img.jpg'),
  ('jimsiang','Dan','Lee','279', FALSE, 'jimsiang@umich.edu','images/member-profiles/default_profile_img.jpg'),
  ('nataaron','Nathaniel','Blase','207', FALSE, 'nataaron@umich.edu','images/member-profiles/default_profile_img.jpg'),
  ('jumilton','Julia','Zarina','235', FALSE, 'jumilton@umich.edu','images/member-profiles/default_profile_img.jpg'),
  ('thumme','Mitchell','Thumme','236', FALSE, 'thumme@umich.edu','images/member-profiles/default_profile_img.jpg'),
  ('jamesrg','James','Glantz','237', FALSE, 'jim.glantz@gmail.com','images/member-profiles/default_profile_img.jpg'),
  ('saraali','Sara','Ali','230', FALSE, 'saraali@umich.edu','images/member-profiles/default_profile_img.jpg'),
  ('sylviach','Sylvia','Chen','231', FALSE, 'siya101@gmail.com','images/member-profiles/default_profile_img.jpg'),
  ('ryanbell','Ryan','Bell','232', FALSE, 'ryanbell@umich.edu','images/member-profiles/default_profile_img.jpg'),
  ('monticme','Meredith','Monticello','233', FALSE, 'monticme@umich.edu','images/member-profiles/default_profile_img.jpg'),
  ('mwald','Matthew','Waldmann','312', FALSE, 'mwald@umich.edu','images/member-profiles/default_profile_img.jpg'),
  ('domlanni','Dominic','Lanni','224', FALSE, 'domlanni55@gmail.com','images/member-profiles/default_profile_img.jpg'),
  ('jjwashbu','Justin','Washburn','48', FALSE, 'jjwashbu@umich.edu','images/member-profiles/default_profile_img.jpg'),
  ('pconlin','Paul','Conlin','49', FALSE, 'pconlin@umich.edu','images/member-profiles/default_profile_img.jpg'),
  ('bkilbour','Beth','Kilbourne','46', FALSE, 'bkilbour@umich.edu','images/member-profiles/default_profile_img.jpg'),
  ('squintan','Sara','Quintana','47', FALSE, 'Squintan@gmail.com','images/member-profiles/default_profile_img.jpg'),
  ('mperaino','Mark','Peraino','44', FALSE, 'mperaino@umich.edu','images/member-profiles/default_profile_img.jpg'),
  ('rauchs','Suzanne','Waligora','45', FALSE, 'Smrauch@gmail.com','images/member-profiles/default_profile_img.jpg'),
  ('cvanitt','Christopher','Van Ittersum','42', FALSE, 'cvanitt@umich.edu','images/member-profiles/default_profile_img.jpg'),
  ('tketai','Ted','Ketai','43', FALSE, 'tketai@gmail.com','images/member-profiles/default_profile_img.jpg'),
  ('bsw','Bayly','Wheeler','40', FALSE, 'bsw@duke.edu','images/member-profiles/default_profile_img.jpg'),
  ('jrtervol','Ray','Tervol','41', FALSE, 'jrtervol@yahoo.com','images/member-profiles/default_profile_img.jpg'),
  ('cworthem','Cullen','Worthem Jr.','1', FALSE, 'cworthemjr@yahoo.com','images/member-profiles/default_profile_img.jpg'),
  ('rsekela1','Ryan','Sekela','5', FALSE, 'rsekela1@visteon.com','images/member-profiles/default_profile_img.jpg'),
  ('rachneal','Rachel','Neal','339', FALSE, 'rachneal@umich.edu','images/member-profiles/default_profile_img.jpg'),
  ('afurman','Aaron','Furman','9', FALSE, 'afurman@umich.edu','images/member-profiles/default_profile_img.jpg'),
  ('zmklav','Zachary','Klaver','272', FALSE, 'zmklav@umich.edu','images/member-profiles/default_profile_img.jpg'),
  ('rosephi','Philip','Rose','146', FALSE, 'rosephi@umich.edu','images/member-profiles/default_profile_img.jpg'),
  ('ryaneth','Ryan','Ethier','147', FALSE, 'ryaneth@umich.edu','images/member-profiles/default_profile_img.jpg'),
  ('changmar','Margaret','Chang','144', FALSE, 'changmar@umich.edu','images/member-profiles/default_profile_img.jpg'),
  ('nclay','Nicholas','Clay','145', FALSE, 'nclay42@gmail.com','images/member-profiles/default_profile_img.jpg'),
  ('hwangm','Maggie','Hwang','142', FALSE, 'hwangm@umich.edu','images/member-profiles/default_profile_img.jpg'),
  ('jmvan','Jillian','VandePutte','143', FALSE, 'jmvandeputte@gmail.com','images/member-profiles/default_profile_img.jpg'),
  ('ryakee','Ryan','McKee','140', FALSE, 'ryanmckee87@gmail.com','images/member-profiles/default_profile_img.jpg'),
  ('rapete','Rachel','Peterson','141', FALSE, 'rapete@umich.edu','images/member-profiles/default_profile_img.jpg'),
  ('rlakhani','Rahul','Lakhani','209', FALSE, 'rlakhani@umich.edu','images/member-profiles/default_profile_img.jpg'),
  ('ajinebge','George','Basil','208', FALSE, 'george.a.basil@gmail.com','images/member-profiles/default_profile_img.jpg'),
  ('eaboett','Liz','Connolly','148', FALSE, 'Boettner.liz@gmail.com','images/member-profiles/default_profile_img.jpg'),
  ('siukathr','Kathryn','Siuniak','149', FALSE, 'siukathr@umich.edu','images/member-profiles/default_profile_img.jpg'),
  ('sbarr','Sarah','Barr','77', FALSE, 'sbarr@umich.edu','images/member-profiles/default_profile_img.jpg'),
  ('schremsa','Adam','Schrems','75', FALSE, 'adam.j.schrems@gmail.com','images/member-profiles/default_profile_img.jpg'),
  ('mmbowman','Matt','Bowman','74', FALSE, 'matthew.m.bowman@gmail.com','images/member-profiles/default_profile_img.jpg'),
  ('mjbyom','Matt','Byom','73', FALSE, 'mjbyom@umich.edu','images/member-profiles/default_profile_img.jpg'),
  ('alexkotu','Alex','Kotula','72', FALSE, 'ahkotula@gmail.com','images/member-profiles/default_profile_img.jpg'),
  ('rmsherm','Becky','Sherman','71', FALSE, 'Rmsherm@gmail.com','images/member-profiles/default_profile_img.jpg'),
  ('kofahlum','Phil','Kofahl','70', FALSE, 'phil.kofahl@gmail.com','images/member-profiles/default_profile_img.jpg'),
  ('dparrotb','Danielle','Boyle (White)','79', FALSE, 'danielle.parrott@gmail.com','images/member-profiles/default_profile_img.jpg'),
  ('jmdonogh','Joel','Donoghue','78', FALSE, 'jmdonogh@umich.edu','images/member-profiles/default_profile_img.jpg'),
  ('gapoorva','Apoorva','Gupta','263', FALSE, 'gapoorva@umich.edu','images/member-profiles/default_profile_img.jpg'),
  ('lizsgoul','Liz','Goulston','313', FALSE, 'lizsgoul@umich.edu','images/member-profiles/default_profile_img.jpg'),
  ('rhchung','Royce','Chung','324', FALSE, 'rhchung@umich.edu','images/member-profiles/default_profile_img.jpg'),
  ('anvmat','Anvya','Mathur','333', FALSE, 'anvmat@umich.edu','images/member-profiles/default_profile_img.jpg'),
  ('dingding','Daoxia','Ding','262', FALSE, 'dingding@umich.edu','images/member-profiles/default_profile_img.jpg'),
  ('kunaln','Kunal','Naik','261', FALSE, 'kunaln@umich.edu','images/member-profiles/default_profile_img.jpg'),
  ('srishtip','Srishti','Pilutla','270', FALSE, 'srishtip@umich.edu','images/member-profiles/default_profile_img.jpg'),
  ('isaak','Nicholas','Simopoulos','260', FALSE, 'isaak@umich.edu','images/member-profiles/default_profile_img.jpg'),
  ('eguder','Erin','Guder','332', FALSE, 'eguder@umich.edu','images/member-profiles/default_profile_img.jpg'),
  ('jparus','Justin','Parus','343', FALSE, 'jparus@umich.edu','images/member-profiles/default_profile_img.jpg'),
  ('nkhm','Krishnan','Manivannan','276', FALSE, 'nkhm@umich.edu','images/member-profiles/default_profile_img.jpg'),
  ('mmangle','Marie','Angle','267', FALSE, 'mmangle@umich.edu','images/member-profiles/default_profile_img.jpg'),
  ('adibatra','Aditi','Batra','337', FALSE, 'adibatra@umich.edu','images/member-profiles/default_profile_img.jpg'),
  ('repatin','Ryan','Patin','266', FALSE, 'repatin@umich.edu','images/member-profiles/default_profile_img.jpg');

INSERT INTO profile (userid, major, city, state, grad_year, grad_sem, pledge_class, nickname, gender, phone, biguserid) VALUES
  ('rohansawalka','Industrial and Operations Engineering','Ann Arbor','MI',2012,'Fall','Gamma Beta','',TRUE,'(734)-65-434','maxkotu'),
  ('csaucier','Civil Engineering','Midland','MI',2012,'Fall','Gamma Beta','',FALSE,'(989)-41-472','caitlincramer12'),
  ('gbhatia','Chemical Engineering','Ann Arbor','MI',2014,'Fall','Gamma Beta','',FALSE,'(734)-26-667','meganelb'),
  ('ncozen','Industrial and Operations Engineering','Ann Arbor','MI',2014,'Fall','Gamma Beta','',FALSE,'(734)-30-909','flynnmo'),
  ('jmartog','Mechanical Engineering','Westfield','NJ',2012,'Fall','Gamma Beta','Poker Face',TRUE,'(908)-70-610','tindeck'),
  ('simsbl','Industrial and Operations Engineering','Grand Blanc','MI',2014,'Fall','Gamma Beta','',TRUE,'(248)-72-863','eaboett'),
  ('harrisri','Civil Engineering','Mt. Laurel','NJ',2013,'Fall','Gamma Beta','',FALSE,'(856)-46-931','asenyk'),
  ('shdeitt','Civil Engineering','Gobles','MI',2013,'Fall','Gamma Beta','',TRUE,'(269)-91-682','dmcewan'),
  ('lapohl','Mechanical Engineering','Grand Ledge','MI',2011,'Fall','Phi','Hitch',FALSE,'(517)-04-304','smpraus'),
  ('botatoes','Computer Science and Engineering','Seattle','WA',2016,'Fall','Theta Beta','',FALSE,'(702)-26-885','aczubko'),
  ('gabelok','Chemical Engineering','Teaneck','NJ',2015,'Fall','Theta Beta','',FALSE,'','ldemonte'),
  ('mantung','Civil Engineering','Ann Arbor','MI',0,'','Nu Beta','',TRUE,'','damjohn'),
  ('alexng','Computer Science and Engineering','Ann Arbor','MI',2014,'Fall','Delta Beta','',TRUE,'(248)-87-851','waimanl'),
  ('cecamp','Electrical Engineering and Theater Arts','Winnetka','IL',2012,'Fall','Delta Beta','',FALSE,'(847)-12-526','adcunha'),
  ('johnkmur','Computer Science Engineering','Ann Arbor','MI',0,'','Nu Beta','',TRUE,'(707)-373-7015','eguder'),
  ('andredan','IOE','Ann Arbor','MI',2008,'Fall','Rho','',TRUE,'(616)-50-061','schremsa'),
  ('genevich','Nuclear Engineering and Radiological Sciences','Albany','NY',2010,'Fall','Rho','Road Runner',TRUE,'(248)-04-479','mirim'),
  ('britflah','Chemical Engineering','Ann Arbor','MI',2009,'Fall','Rho','',FALSE,'(412)-76-661','cdsadler'),
  ('marcmarc','Computer Science','Ann Arbor','MI',2010,'Fall','Sigma','Crackerus Maximus',TRUE,'(517)-14-049','akluck'),
  ('sbatch','Mechanical Engineering','Ann Arbor','MI',2010,'Fall','Sigma','',TRUE,'(810)-69-093','jcgrimm'),
  ('jrilly','Chemical Engineering','Ann Arbor','MI',2010,'Fall','Sigma','Panch',FALSE,'(248)-35-152','reedml'),
  ('jwfong','IOE','Ann Arbor','MI',2010,'Fall','Sigma','Sniper',FALSE,'(225)-88-825','jldolan'),
  ('rmeggert','Nuclear Engineering and Radiological Sciences','Royal Oak','MI',2010,'Fall','Sigma','The Admiral',FALSE,'(248)-76-020','kphall'),
  ('audosbo','Aerospace Engineering','Ann Arbor','MI',2009,'Fall','Sigma','RBT',FALSE,'(734)-35-613','cmarti'),
  ('waimanl','Industrial and Operations Engineering','Ann Arbor','MI',2011,'Fall','Phi','',TRUE,'(269)-30-148','grailo'),
  ('philipw','','Bothell','WA',0,'Fall','Beta','Goose',TRUE,'()--','mascione'),
  ('molsofsk','Chemical Engineering','Saint Louis','MO',2002,'Fall','Beta','Lil\' O',TRUE,'(733)-34-564','jbroggio'),
  ('gsabo','','Ann Arbor','MI',0,'Fall','Beta','Staples',TRUE,'','dcepeda'),
  ('mehtat','Chemical Engineering','Chicago','IL',2001,'Fall','Beta','T-Bone',TRUE,'(847)-22-439','aolosfsk'),
  ('qzhxfp','Industrial Operations Engineering','Rochester','MI',2001,'Fall','Beta','Weezie',FALSE,'(248)-42-810','dbzero'),
  ('jpmyers','Mechanical Engineering','Berkley','MI',2002,'Fall','Beta','J.P. / Too Tall',TRUE,'(734)-23-365','david.moenssen'),
  ('dwallen','Mechanical Engineering','Ann Arbor','MI',2001,'Fall','Beta','Crispy',TRUE,'(517)-99-359','jhschaef'),
  ('jordzhu','Computer Science Engineering','Ann Arbor','MI',0,'','Nu Beta','',TRUE,'','jordandr'),
  ('ccschul','Nuclear Engineering and Radiological Sciences','Leechburg','PA',2010,'Fall','Phi','Goldfish',FALSE,'(724)-55-316','rmeggert'),
  ('pkostas','Computer Science Engineering','Ann Arbor','MI',0,'','Nu Beta','@KostasP @KostasP @KostasP',TRUE,'(734)-717-8821','nxlouie'),
  ('sanjsub','Biomedical Engineering','Ann Arbor','MI',0,'','Lambda Beta','',TRUE,'(732)-610-4592','aoaoaoa'),
  ('mgiska','Mechanical Engineering','Troy','MI',2002,'Fall','Gamma','Mother',TRUE,'(734)-51-203','philipw'),
  ('jmellent','Aerospace & Mechanical Engineering','Golden','CO',2002,'Fall','Gamma','',TRUE,'(303)-04-055','jhschaef'),
  ('bethgles','Materials Science & Engineering','Milwaukee','WI',2011,'Fall','Phi','Leader',FALSE,'(989)-30-349','jmvan'),
  ('yuanm','','Ann Arbor','MI',0,'Fall','Iota Beta','',FALSE,'','gbhatia'),
  ('xiaobpan','Mechanical Engineering','Ann Arbor','MI',2017,'Winter','Iota Beta','',FALSE,'(646)-714-9079','monticme'),
  ('muskr','Electrical Engineering','Canton','MI',2000,'Fall','Founders','Lizard',TRUE,'(734)-05-555',''),
  ('jaiyeong','Industrial Operations Engineering','Ann Arbor','MI',2017,'Fall','Theta Beta','',TRUE,'','isaak'),
  ('jjbailey08','Industrial and Operations Engineering','Oxford','MI',1998,'Fall','Founders','Chia',TRUE,'(248)-07-028',''),
  ('tkem','Biomedical Engineering','Ann Arbor','MI',2018,'Winter','Iota Beta','',TRUE,'(989)-860-4047','zmklav'),
  ('kunalm','Biomedical Engineering','Novi','MI',2012,'Fall','Phi','The First Lady',TRUE,'(248)-45-749','khpatel'),
  ('haohsu','Chemical Engineering','Ann Arbor','MI',2017,'Winter','Iota Beta','',TRUE,'(973)-979-0822','rlakhani'),
  ('jasleung','Computer Engineering','Ann Arbor','MI',2016,'Summer','Iota Beta','',TRUE,'(248)-921-0613','botatoes'),
  ('aoaoaoa','Biomedical Engineering','Ann Arbor','MI',2017,'Winter','Iota Beta','',TRUE,'(248)-880-8229','rovinski'),
  ('vidhyasr','Electrical Engineering','Ann Arbor','MI',2017,'Winter','Iota Beta','',FALSE,'','christag'),
  ('stanvi','Biomedical Engineering','Rochester Hills','MI',2008,'Fall','Omicron','',FALSE,'(248)-82-938','jamesbl'),
  ('lcpol','','Ann Arbor','MI',2016,'Fall','Eta Beta','',FALSE,'(248)-74-480','clooney'),
  ('grailo','Aerospace','Ann Arbor','MI',2008,'Fall','Omicron','Peaches',TRUE,'(319)-99-760','rabani'),
  ('freemaja','IOE','Ann Arbor','MI',2007,'Fall','Omicron','',TRUE,'(248)-67-705','alexkotu'),
  ('khpatel','Aerospace Engineering, Space Systems Engineering','Royal Oak','MI',2008,'Fall','Pi','Swiss Miss',TRUE,'(248)-13-309','fszalay'),
  ('ppoisson','Mechanical Engineering','Maple Grove','MN',2008,'Fall','Pi','',TRUE,'(248)-70-958','alexkotu'),
  ('kphall','Mechanical Engineering / Spanish','Herndon','VA',2008,'Fall','Pi','',FALSE,'(571)-14-626','ensignlm'),
  ('kjschill','Mechanical Engineering','Ann Arbor','MI',2008,'Fall','Pi','',TRUE,'(517)-40-835','schremsa'),
  ('chelseae','Chemical Engineering','Ann Arbor','MI',2009,'Fall','Rho','BFF',FALSE,'(965)-72-143','cmarti'),
  ('smpraus','AOSS','Fairfax','VA',2009,'Fall','Rho','Scruffy',FALSE,'(703)-38-486','jldolan'),
  ('cwyckoff','Materials Science & Engineering','Ferndale','MI',2009,'Fall','Rho','',FALSE,'(517)-16-821','nkizy'),
  ('tabuesch','Mechanical Engineering','Pittsburgh','PA',2009,'Fall','Rho','Mango',TRUE,'(609)-13-164','cmuhich'),
  ('minnaepc','Aerospace Engineering','Newport News','VA',2014,'Fall','Theta Beta','',FALSE,'(757)-44-680','kachou'),
  ('ruansj','Mechanical Engineering','Ann Arbor','MI',2017,'Winter','Theta Beta','',TRUE,'','jessewst'),
  ('maxkotu','Electrical Engineering','Eden Prairie','MN',2011,'Fall','Phi','AB Neg Potato Chip Candyp',TRUE,'(952)-34-724','xjsixjag'),
  ('jlkron','Industrial and Operations Engineering','Dallas','TX',2006,'Fall','Iota','Yippy',FALSE,'(313)-70-334','bsw'),
  ('jfairchi','Computer Engineering','Chicago','IL',2004,'Fall','Iota','The Flash',TRUE,'(312)-08-655','jrtervol'),
  ('ranavk','Computer Science Engineering','Ann Arbor','MI',0,'','Nu Beta','',TRUE,'(248)-971-8737','kennyvan'),
  ('pdoll','Mechanical Engineering','Ann Arbor','MI',2005,'Fall','Theta','',TRUE,'(734)-44-985','rbronson'),
  ('angraor','AOSS','Kansas City','MO',2006,'Fall','Iota','Princess Commando',FALSE,'(734)-30-760','emr'),
  ('mjquinn','Electrical Engineering','Ann Arbor','MI',2005,'Fall','Iota','',TRUE,'','kgunberg'),
  ('rburkhar','Aerospace Engineering','Ann Arbor','MI',2005,'Fall','Eta','Corndogg',TRUE,'(810)-50-088','darrint'),
  ('emr','Mechanical Engineering','Ann Arbor','MI',2005,'Fall','Eta','Skipper',FALSE,'(517)-96-136','dbzero'),
  ('kgunberg','Civil Engineering','Blacksburg','VA',2005,'Fall','Theta','Chalky',FALSE,'(616)-50-405','jrtervol'),
  ('emschmid','Mechanical Engineering','Ann Arbor','MI',2004,'Fall','Theta','',FALSE,'(734)-16-113','jmellent'),
  ('alancast','Computer Science and Engineering','State College','PA',2016,'Fall','Eta Beta','xionmao (Panda)',TRUE,'(814)-33-111','justingk'),
  ('andyjm','Aerospace Engineering','Ann Arbor','MI',2017,'Fall','Kappa Beta','Cosby Sweaters',TRUE,'(517)-420-6269','sungkj'),
  ('patwan','Computer Engineering','Ann Arbor','MI',2016,'Fall','Kappa Beta','Kung Fu Panda',TRUE,'()--','emichang'),
  ('derino','Industrial Operations Engineering','Ann Arbor','MI',2018,'Winter','Kappa Beta','Piano Man',TRUE,'(734)-545-9661','monticme'),
  ('cmbaums','Material Science Engineering','Ann Arbor','MI',2017,'Winter','Kappa Beta','',FALSE,'(734)-891-5014','mmangle'),
  ('damjohn','','Ann Arbor','MI',0,'Fall','Kappa Beta','Megadeath',TRUE,'','mmangle'),
  ('kimyusun','Chemical Engineering','Ann Arbor','MI',2017,'Winter','Kappa Beta','',FALSE,'(201)-655-1281','minnaepc'),
  ('jgussert','Mechanical Engineering','Cadillac','MI',2016,'Fall','Kappa Beta','A Log of Drums',TRUE,'(231)-42-982','zmklav'),
  ('jordandr','Computer Science Engineering','Ann Arbor','MI',2017,'Winter','Kappa Beta','',TRUE,'(248)-930-7581','tkem'),
  ('lowekiah','Non-Engineering','Ann Arbor','MI',2017,'Winter','Iota Beta','',FALSE,'(734)-787-2734','rkreiter'),
  ('trburch','Mechanical Engineering','Ann Arbor','MI',2016,'Winter','Kappa Beta','',TRUE,'(217)-390-6696','louk'),
  ('megjoki','Materials Science and Engineering','Ann Arbor','MI',2010,'Fall','Phi','',FALSE,'(248)-35-003','changmar'),
  ('gmcewan','Mechanical Engineering','Ann Arbor','MI',2013,'Fall','Omega','AMURICAH!!',TRUE,'(517)-99-320','siukathr'),
  ('nricci','Aerospace Engineering','Ann Arbor','MI',0,'','Kappa Beta','',TRUE,'','repatin'),
  ('malvikab','Mechanical Engineering','Ann Arbor','MI',2011,'Fall','Omega','',FALSE,'(764)-46-771','ishaanjs'),
  ('jtmi','Computer Engineering','Cheboygan','MI',2010,'Fall','Chi','',TRUE,'(231)-20-215','cmuhich'),
  ('esoybay','Industrial and Operations Engineering','Ann Arbor','MI',2013,'Fall','Omega','',FALSE,'(734)-46-632','bethgles'),
  ('cmillera','Nuclear Engineering and Radiological Sciences','Oakland Township','MI',2013,'Fall','Omega','',TRUE,'(248)-60-734','siukathr'),
  ('kfairc','Applied Physics and Mechanical Engineering','Beaverton','OR',2009,'Fall','Omega','',TRUE,'(757)-39-686','lcrook'),
  ('mfaibish','Industrial and Operations Engineering','Ann Arbor','MI',2013,'Fall','Omega','',FALSE,'(631)-97-625','hdorer'),
  ('lcrook','Naval Architecture and Marine Engineering','Delton','MI',2010,'Fall','Chi','',FALSE,'(269)-70-003','meganelb'),
  ('aosorio','Material Science and Engineering / Electrical Engineering','Pflugerville','TX',2005,'Fall','Psi','',TRUE,'(512)-31-160','kadann'),
  ('jrswift','Biomedical Engineering','Albany','NY',2013,'Fall','Psi','',TRUE,'(616)-64-123','andybrwn'),
  ('asenyk','Industrial and Operations Engineering','Grand Ledge','MI',2012,'Fall','Psi','Jaws',FALSE,'(517)-48-445','bethgles'),
  ('stridas','Civil Engineering','Ann Arbor','MI',2013,'Fall','Delta Beta','Astrid',FALSE,'(786)-08-569','asenyk'),
  ('clemense','Mechanical Engineering','Berkley','MI',2008,'Fall','Omicron','Pinball',TRUE,'(248)-02-398','rmsherm'),
  ('rabani','Mechanical Engineering','Ann Arbor','MI',2007,'Fall','Mu','Too Big',FALSE,'(734)-17-292','jlkron'),
  ('cmarti','Material Science and Engineering','Walled Lake','MI',2007,'Fall','Mu','Mom',FALSE,'(810)-87-823','rauchs'),
  ('cmuhich','Chemical Engineering','Grosse Pointe Park','MI',2009,'Fall','Omicron','Cheese',TRUE,'(410)-54-795','quanz'),
  ('jengehle','Chemical Engineering','Ann Arbor','MI',2007,'Fall','Omicron','D\'Over',FALSE,'(517)-94-604','dparrotb'),
  ('ajfrantz','Computer Engineering','Ann Arbor','MI',2008,'Fall','Omicron','Supple',TRUE,'(313)-31-906','mjbyom'),
  ('vinnyv','IOE','Ann Arbor','MI',2008,'Fall','Omicron','F.T.',TRUE,'(516)-98-059','reedml'),
  ('milliken','Industrial and Operations Engineering','Ann Arbor','MI',2003,'Fall','Lambda','',TRUE,'(269)-76-502','tketai'),
  ('reedml','Civil Engineering','Royal Oak','MI',2007,'Fall','Lambda','S&M',FALSE,'(734)-30-551','rmsherm'),
  ('maherk','','Ann Arbor','MI',2015,'Fall','Kappa','',FALSE,'','bsw'),
  ('ensignlm','Mechanical Engineering','Ann Arbor','MI',2006,'Fall','Kappa','Bubbles',FALSE,'(586)-49-729','angraor'),
  ('quanz','Chemical Engineering','Ann Arbor','MI',2006,'Fall','Lambda','',TRUE,'','darrint'),
  ('phalexan','Civil Engineering','Chesapeake','VA',2009,'Fall','Omicron','Tiger',TRUE,'(919)-08-689','ebusen'),
  ('katsb','Aerospace','jupiter','FL',2006,'Fall','Lambda','Envy',FALSE,'(561)-93-327','angraor'),
  ('maramae','Nuclear Engineering and Radiological Sciences','Plainwell','MI',2013,'Fall','Gamma Beta','',FALSE,'(269)-90-264','adcunha'),
  ('nxlouie','Computer Science Engineering','Ann Arbor','MI',2018,'Winter','Kappa Beta','',TRUE,'(408)-702-8940','vidhyasr'),
  ('michfern','Chemical Engineering','Nashville','TN',2013,'Fall','Omega','',FALSE,'(248)-74-205','jmvan'),
  ('altung','Computer Science Engineering','Ann Arbor','MI',0,'','Mu Beta','',TRUE,'(248)-756-2231','jennyhuh'),
  ('emjburns','Industrial and Operations Engineering','San Jose','CA',2015,'Fall','Eta Beta','',FALSE,'(734)-45-220','stridas'),
  ('thanav','Mechanical Engineering','East Lyme','CT',2013,'Fall','Gamma Beta','MVP',TRUE,'(860)-41-513','kunalm'),
  ('jennyhuh','Chemical Engineering','Ann Arbor','MI',0,'','Lambda Beta','',FALSE,'(201)-398-3439','louk'),
  ('kwolok','Biomedical Engineering','Ann Arbor','MI',2014,'Fall','Delta Beta','',TRUE,'(248)-52-343','cmillera'),
  ('rhsunnie','Industrial and Operations Engineering','South Lyon','MI',2015,'Fall','Eta Beta','Sunnie',FALSE,'(231)-36-455','flynnmo'),
  ('jbroggio','','Ann Arbor','MI',0,'Fall','Founders','Ponch',TRUE,'',''),
  ('carteraj','Electrical Engineering','Walled Lake','MI',2011,'Fall','Chi','Bingo',TRUE,'(248)-74-037','siukathr'),
  ('troywe','Naval and Marine Engineering','Ann Arbor','MI',0,'','Lambda Beta','',TRUE,'(847)-644-7752','haohsu'),
  ('rmeder','','Ann Arbor','MI',0,'Fall','Founders','Mr. Clean',TRUE,'',''),
  ('bjuhrend','MS Environmental Engineering','Ann Arbor','MI',2013,'Fall','Transfer','',FALSE,'(530)-91-805','ajinebge'),
  ('kriskim','Biomedical Engineering','Ann Arbor','MI',2015,'Fall','Zeta Beta','',FALSE,'','kamalk'),
  ('annastar','Mechanical Engineering','Ann Arbor','MI',0,'','Mu Beta','',FALSE,'(303)-358-9535','cmbaums'),
  ('cascook','Industrial Operations Engineering','Ann Arbor','MI',2017,'Winter','Theta Beta','',FALSE,'(269)-270-5572','malinare'),
  ('christag','Mechanical Engineering','Lexington','KY',2014,'Fall','Eta Beta','',FALSE,'(586)-01-374','jumilton'),
  ('fpenikis','Mechanical Engineering','Ann Arbor','MI',0,'','Lambda Beta','',FALSE,'(925)-818-7478','emichang'),
  ('ppreet','Computer Science Engineering','Ann Arbor','MI',0,'','Mu Beta','',TRUE,'(716)-491-3149','gapoorva'),
  ('ckokenoz','Chemical Engineering','Ann Arbor','MI',0,'','Lambda Beta','',FALSE,'','cascook'),
  ('sjdo','Mechanical Engineering','Ann Arbor','MI',2017,'Fall','Kappa Beta','',TRUE,'(616)-558-1146','mwrod'),
  ('dahodge','Computer Science Engineering','Ann Arbor','MI',2016,'Fall','Kappa Beta','',TRUE,'(248)-330-5392','gabelok'),
  ('ralevens','Material Science Engineering','Ann Arbor','MI',2017,'Winter','Kappa Beta','',FALSE,'','ebklouda'),
  ('chanmeec','Industrial Operations Engineering','Ann Arbor','MI',2017,'Winter','Kappa Beta','',FALSE,'(248)-565-5123','kriskim'),
  ('kelemley','Civil and Environmental Engineering','Caledonia','NY',2013,'Fall','Delta Beta','',FALSE,'(585)-09-707','maxkotu'),
  ('venugovi','Chemical Engineering','Ann Arbor','MI',2017,'Winter','Kappa Beta','',TRUE,'','jimsiang'),
  ('cmmcd','Industrial Operations Engineering','Ann Arbor','MI',2017,'Winter','Kappa Beta','',TRUE,'','botatoes'),
  ('malinare','Electrical Engineering','Ann Arbor','MI',2014,'Fall','Epsilon Beta','',FALSE,'(248)-12-100','csaucier'),
  ('ehorste','Biomedical Engineering','Ann Arbor','MI',0,'Fall','Epsilon Beta','',FALSE,'','aarthara'),
  ('kert','Electrical Engineering','Ann Arbor','MI',2005,'Fall','Xi','',TRUE,'(812)-49-728','rauchs'),
  ('fltr','Electrical Engineering','Ann Arbor','MI',2008,'Fall','Xi','Floater',TRUE,'(646)-12-080','schremsa'),
  ('zepeda','Civil Engineering','new rochelle','NY',2013,'Fall','Epsilon Beta','',FALSE,'(914)-26-694','coolbre'),
  ('jyiyang','Civil Engineering','Ann Arbor','MI',2012,'Fall','Epsilon Beta','',FALSE,'(734)-04-125','ncozen'),
  ('justingk','Industrial and Operations Engineering','Palo Alto','CA',2015,'Fall','Epsilon Beta','',TRUE,'(650)-21-507','alexng'),
  ('clooney','Mechanical Engineering','Ann Arbor','MI',2014,'Fall','Epsilon Beta','',FALSE,'','michfern'),
  ('smiatrow','Aerospace Engineering','Ann Arbor','MI',2008,'Fall','Nu','',FALSE,'(734)-49-559','kgunberg'),
  ('furlongl','IOE','Ann Arbor','MI',2007,'Fall','Nu','Dynamite',FALSE,'','angraor'),
  ('nkizy','Computer Engineering','Bloomfield Hills','MI',2008,'Fall','Nu','Beads',FALSE,'(248)-96-854','jlkron'),
  ('jsuther','Mechanical Engineering','New York','NY',2007,'Fall','Nu','',FALSE,'(248)-03-702','jcgrimm'),
  ('tanayn','Mechanical Engineering','Ann Arbor','MI',2014,'Fall','Zeta Beta','Aquaman',TRUE,'(703)-09-833','nataaron'),
  ('hnpatel','IOE','Ann Arbor','MI',2008,'Fall','Xi','No Pants',FALSE,'(734)-07-204','markalan'),
  ('kjsand','Materials Science and Engineering','Ann Arbor','MI',2007,'Fall','Xi','',FALSE,'(989)-30-970','emr'),
  ('hkast','Chemical Engineering/Pre-Med','East Lansing','Mi',2008,'Fall','Xi','',FALSE,'(248)-42-584','kgunberg'),
  ('darrint','Computer Science Engineering','Chicago','IL',2003,'Fall','Zeta','Rain Man',TRUE,'(312)-76-406','philipw'),
  ('lravindr','Computer Engineering','Golden','CO',2002,'Fall','Zeta','Scandalous',FALSE,'(720)-42-108','batchac'),
  ('oriachun','Mechanical Engineering','Ann Arbor','MI',0,'','Nu Beta','',FALSE,'(734)-430-7607','troywe'),
  ('jrnisbet','Chemical Engineering','Ann Arbor','MI',0,'','Mu Beta','',FALSE,'(734)-925-3772','kimyusun'),
  ('ntapia','Electrical Engineering','Ann Arbor','MI',2003,'Fall','Gamma','Nit',TRUE,'(734)-83-141','mascione'),
  ('avalique','','Ann Arbor','MI',0,'Fall','Gamma','',TRUE,'','jjbailey08'),
  ('stepania','EE: Systems','Ann Arbor','MI',2001,'Fall','Gamma','',TRUE,'(734)-23-861','qzhxfp'),
  ('rbronson','Aerospace Engineering','Saint Louis','MO',2004,'Fall','Epsilon','B.J. Eunichre',TRUE,'(214)-80-624','jjinnah'),
  ('jdaunoravicius','Computer Engineering','Ann Arbor','MI',2004,'Fall','Epsilon','',TRUE,'(708)-59-335','avalique'),
  ('jjinnah','EECS','Ann Arbor','MI',2000,'Fall','Delta','',TRUE,'(571)-43-689','philipw'),
  ('rileym','Mechanical Engineering','Indianapolis','IN',2002,'Fall','Delta','Bob / Mack',TRUE,'(661)-45-129','qzhxfp'),
  ('duanmua','Computer Engineering','San Francisco','CA',2013,'Fall','Zeta Beta','',TRUE,'(734)-83-330','ccprice'),
  ('reider','Computer Science Engineering','Ann Arbor','MI',0,'','Nu Beta','',FALSE,'','rachneal'),
  ('jeremylc','Mechanical Engineering','Ann Arbor','MI',0,'','Lambda Beta','',TRUE,'(949)-701-6883','gapoorva'),
  ('ebklouda','Engineering','Westport','CT',2014,'Fall','Theta Beta','',FALSE,'','emjburns'),
  ('jessewst','Mechanical Engineering','Cedar Falls','IA',2016,'Fall','Eta Beta','Karate Kid',TRUE,'(319)-40-612','duanmua'),
  ('atammana','Mechanical Engineering','Ann Arbor','MI',0,'','Lambda Beta','Banana',TRUE,'(650)-823-2679','xiaobpan'),
  ('hjihong','Computer Science Engineering','Ann Arbor','MI',0,'','Mu Beta','',FALSE,'(586)-854-8062','chanmeec'),
  ('meland','M.S.E. Electrical Engineering','Ann Arbor','MI',0,'Fall','Transfer','',TRUE,'',''),
  ('nabani','Materials Science and Engineering','Ann Arbor','MI',2012,'Fall','Gamma Beta','',FALSE,'(734)-30-390','samcdev'),
  ('jmodes','Mechanical Engineering','Ann Arbor','MI',0,'','Mu Beta','',FALSE,'(734)-679-5198','jiaxin'),
  ('lispag','Civil and Environmental Engineering','Torrance','CA',2013,'Fall','Delta Beta','Charmin',FALSE,'(608)-34-532','nklam'),
  ('anlevin','Electrical Engineering','Ann Arbor','MI',0,'','Nu Beta','',TRUE,'','jamesrg'),
  ('adcunha','Mechanical Engineering','Monroe','MI',2011,'Fall','Chi','',FALSE,'(734)-31-698','smpraus'),
  ('willhorn','Mechanical Engineering','Ann Arbor','MI',0,'','Lambda Beta','',TRUE,'(856)-981-8529','derino'),
  ('hanfan','Electrical Engineering','Ann Arbor','MI',0,'','Mu Beta','',FALSE,'','lowekiah'),
  ('emiupton','Climate and Space Engineering','Ann Arbor','MI',0,'','Kappa Beta','',FALSE,'(586)-907-1402','yuanm'),
  ('gregfi','Nuclear Engineering','Pittsburgh','PA',2006,'Fall','Iota','Mini-Carl',TRUE,'(412)-21-465','pdoll'),
  ('dpinkney','','Ann Arbor','MI',0,'Fall','Iota','',TRUE,'','rburkhar'),
  ('kdashair','','Ann Arbor','MI',2005,'Fall','Iota','Dawg',TRUE,'(734)-37-696','mgiska'),
  ('jcgrimm','Mechanical Engineering','Ann Arbor','MI',2006,'Fall','Iota','WorstOTever',TRUE,'(734)-46-343','bkilbour'),
  ('malbrigh','Mechanical Engineering','saint louis','MO',2005,'Fall','Iota','Righto',FALSE,'(173)-74-008','jmellent'),
  ('stoloreb','Mechanical Engineering','Ann Arbor','MI',2006,'Fall','Iota','Lefty',FALSE,'(732)-36-756','emschmid'),
  ('davemich','Chemical Engineering and Materials Science','Ann Arbor','MI',2006,'Fall','Iota','Big Dave',TRUE,'(248)-90-454','rileym'),
  ('akluck','Computer Science Engineering','Ann Arbor','MI',2005,'Fall','Iota','D.P.',TRUE,'(517)-04-270','rauchs'),
  ('markalan','Aerospace Engineering','Atlanta','GA',2006,'Fall','Iota','P.O.O.',TRUE,'(312)-25-940','jdaunoravicius'),
  ('patelmn','Aerospace Engineering','Ann Arbor','MI',2005,'Fall','Iota','JB',FALSE,'(774)-54-794','jjwashbu'),
  ('hdorer','Mechanical Engineering','Chicago','IL',2012,'Fall','Chi','',FALSE,'(810)-23-613','hwangm'),
  ('rovinski','Electrical Engineering','Ann Arbor','MI',2015,'Fall','Eta Beta','',TRUE,'(248)-14-960','kwolok'),
  ('andybrwn','Civil and Environmental Engineering','Chicago','IL',2007,'Fall','Chi','',TRUE,'(734)-12-820','rbiswas'),
  ('mwinsemi','Chemical Engineering','Ann Arbor','MI',2010,'Fall','Chi','Tonya',FALSE,'(231)-03-707','mirim'),
  ('aczubko','Chemical Engineering','Ann Arbor','MI',2014,'Fall','Eta Beta','',FALSE,'(734)-74-698','aagrajek'),
  ('aavila','Chemical Engineering','Ann Arbor','MI',2010,'Fall','Phi','',TRUE,'(810)-34-854','kphall'),
  ('coolbre','Industrial and Operations Engineering','Raleigh','NC',2012,'Fall','Gamma Beta','',FALSE,'(734)-86-746','mikeqin'),
  ('madspeck','Industrial Operations Engineering','Ann Arbor','MI',0,'','Mu Beta','',FALSE,'(586)-850-8971','monticme'),
  ('zachchoi','Computer Science Engineering','Ann Arbor','MI',0,'','Mu Beta','',TRUE,'','jgussert'),
  ('tmidde','Computer Science Engineering','Ann Arbor','MI',0,'','Mu Beta','',TRUE,'(310)-753-0877','sanjsub'),
  ('ldemonte','Chemical Engineering','Beaumont','TX',2014,'Fall','Delta Beta','',FALSE,'(734)-45-493','esoybay'),
  ('emichang','CS/BBA','Seattle','WA',2016,'Fall','Theta Beta','',FALSE,'(734)-72-314','christag'),
  ('jgaulzet','Industrial Operations Engineering','Ann Arbor','MI',0,'','Lambda Beta','',FALSE,'(248)-996-7201','lcpol'),
  ('rhchoi','Mechanical Engineering','Ann Arbor','MI',0,'Fall','Eta Beta','FTK',TRUE,'','albanka'),
  ('mhensel','Mechanical Engineering','Ann Arbor','MI',0,'Fall','Zeta Beta','',TRUE,'','njmontes'),
  ('dmcewan','Mechanical Engineering','Ann Arbor','MI',2010,'Fall','Chi','Barcans',TRUE,'(517)-99-575','rgappel'),
  ('tindeck','Industrial and Operations Engineering','Chicago','IL',2013,'Fall','Psi','Pizza \'n Stuff',TRUE,'(847)-22-572','siukathr'),
  ('lhmarks','Mechanical Engineering','Ann Arbor','MI',0,'','Lambda Beta','',TRUE,'','jessewst'),
  ('dbzero','Computer Engineering','Superior Twp','MI',2000,'Fall','Founders','Nacho',TRUE,'(248)-19-127',''),
  ('catpat','IOE','Ann Arbor','MI',2011,'Fall','Phi','',FALSE,'','hwangm'),
  ('flynnmo','Engineering Physics','Tucson','AZ',0,'Fall','Psi','',FALSE,'(678)-48-816','jgfernan'),
  ('njmontes','Mechanical Engineering','Ann Arbor','MI',0,'Fall','Psi','',TRUE,'(248)-35-206','mwinsemi'),
  ('derekdcs','Industrial and Operations Engineering','Ann Arbor','MI',1999,'Fall','Founders','Derek',TRUE,'(773)-44-537',''),
  ('kachou','Materials Science and Engineering','Troy','MI',2014,'Fall','Delta Beta','',FALSE,'(248)-25-880','mfaibish'),
  ('nklam','Industrial and Operations Engineering','Allenton','MI',2011,'Fall','Psi','',TRUE,'(906)-88-095','jrilly'),
  ('aarthara','Biomedical Engineering','Novi','MI',2013,'Fall','Psi','',FALSE,'(248)-45-159','vward@umich.edu'),
  ('aagrajek','Mechanical Engineering','Berkley','MI',2013,'Fall','Psi','',FALSE,'(248)-82-494','genevich'),
  ('kennyvan','Mechanical Engineering','Ann Arbor','MI',0,'','Mu Beta','',TRUE,'(616)-808-7295','xiaobpan'),
  ('kamalk','Electrical Engineering','Lanahm','MD',2012,'Fall','Omega','',TRUE,'(301)-04-890','aavila'),
  ('camphan','Mechanical Engineering','Ann Arbor','MI',0,'','Mu Beta','',TRUE,'','patwan'),
  ('caitlincramer12','Chemical Engineering','Seattle','WA',2012,'Fall','Omega','',FALSE,'(734)-31-615','megjoki'),
  ('ccprice','Computer Science','Ann Arbor','MI',2012,'Fall','Delta Beta','Jason Bourne',FALSE,'(973)-75-776','michfern'),
  ('jbrendel','Chemical Engineering','Ann Arbor','MI',2009,'Fall','Psi','',TRUE,'(734)-65-675','rosephi'),
  ('jmolesky','Chemical Engineering','Ann Arbor','MI',0,'','Lambda Beta','Snow Crab',TRUE,'(516)-317-7363','trburch'),
  ('xjsixjag','Linguistics, Chinese Language and Culture','New York','NY',2007,'Fall','Nu','',TRUE,'(989)-50-367','schremsa'),
  ('fszalay','Aerospace Engineering','Herndon','VA',2004,'Fall','Nu','Cyclone',TRUE,'(571)-14-620','tketai'),
  ('emstark','Engineering Physics','Sunnyvale','CA',2011,'Fall','Phi','Wrecking Ball',TRUE,'(818)-74-592','stanvi'),
  ('mikeqin','Industrial & Operations Engineering','Ann Arbor','MI',2012,'Fall','Phi','2 Girls, 1 Football',TRUE,'(617)-84-717','phalexan'),
  ('erekn','Aerospace and Mechanical Engineering','Ann Arbor','MI',2013,'Fall','Delta Beta','',TRUE,'','kfairc'),
  ('natbrwn','Mechanical Engineering','Saint Paul','MN',2013,'Fall','Delta Beta','',FALSE,'(303)-15-598','nclay'),
  ('jamesbl','Mechanical','Ann Arbor','MI',2005,'Fall','Nu','B.U.M.',TRUE,'(734)-76-129','jfairchi'),
  ('benfried','Aerospace Engineering','Seattle','WA',2007,'Fall','Mu','Clogger',TRUE,'(734)-58-086','jfairchi'),
  ('cdsadler','Chemical Engineering and MSE','Ann Arbor','MI',2008,'Fall','Nu','',FALSE,'(989)-45-656','malbrigh'),
  ('jldolan','Nuclear Engineering','Lambertville','NJ',2008,'Fall','Nu','',FALSE,'(517)-48-698','ensignlm'),
  ('ebusen','Aerospace','Redondo Beach','CA',2008,'Fall','Nu','Magellan',TRUE,'(424)-03-740','darrint'),
  ('mwrod','Electrical Engineering','Ann Arbor','MI',2008,'Fall','Nu','Father Rod',TRUE,'(734)-37-370','kdashair'),
  ('mezen','IOE','Ann Arbor','MI',2006,'Fall','Nu','',FALSE,'(440)-23-182','sbarr'),
  ('sassyk','MSE','Ann Arbor','MI',2006,'Fall','Nu','',FALSE,'(248)-02-927','rauchs'),
  ('batchac','Electrical Engineering','Ann Arbor','MI',2000,'Fall','Alpha','Spark',TRUE,'(817)-74-951','dbzero'),
  ('mfeustel','Mechanical Engineering','Ann Arbor','MI',2002,'Fall','Alpha','Butterknife Pete',TRUE,'(734)-17-116','jjbailey08'),
  ('aolosfsk','','Ann Arbor','MI',0,'Fall','Alpha','Shady',FALSE,'(734)-16-491','derekdcs'),
  ('mascione','Computer Engineering / MBA-MEM','Ann Arbor','MI',2002,'Fall','Alpha','Fozzie',TRUE,'(734)-04-007','jbroggio'),
  ('david.moenssen','','Ann Arbor','MI',0,'Fall','Alpha','Supa Dave',TRUE,'','muskr'),
  ('jhschaef','Material Science and Engineering','Fort Wayne','IN',2000,'Fall','Alpha','Bean',FALSE,'(260)-94-598','jjbailey08'),
  ('dcepeda','','Ann Arbor','MI',0,'Fall','Alpha','Mad Dogg',TRUE,'','jbroggio'),
  ('todd_moilanen','','Ann Arbor','MI',0,'Fall','Alpha','Tad',TRUE,'','muskr'),
  ('sbisgaie','Computer Engineering','Ann Arbor','MI',2002,'Fall','Alpha','Biscuit',TRUE,'','cworthem'),
  ('libbyej','Mechanical Engineering','Ann Arbor','MI',0,'','Nu Beta','Libby',FALSE,'(313)-595-0391','trburch'),
  ('weitung','Mechanical Engineering','Ann Arbor','MI',2009,'Fall','Omicron','Money Shot',FALSE,'','cdsadler'),
  ('sungkj','Chemical Engineering','Cambridge','MA',2014,'Fall','Eta Beta','',FALSE,'(231)-03-753','cecamp'),
  ('mirim','Biomedical Engineering','Ann Arbor','MI',2009,'Fall','Omicron','',FALSE,'(512)-96-810','jldolan'),
  ('dmholt','Computer Science Engineering','Ann Arbor','MI',0,'','Nu Beta','',TRUE,'','emiupton'),
  ('jelzinga','Industrial Operations Engineering','Ann Arbor','MI',0,'','Mu Beta','',TRUE,'(616)-848-9535','botatoes'),
  ('jiaxin','','Ann Arbor','MI',0,'Fall','Theta Beta','',FALSE,'()--','tanayn'),
  ('rbiswas','','Bronx','NY',0,'Fall','Tau','',TRUE,'()--','khpatel'),
  ('dallj','Aerospace Engineering','Grand Rapids','MI',2011,'Fall','Tau','',TRUE,'(616)-15-676','ajfrantz'),
  ('samcdev','Materials Science Engineering','Grosse Pointe Park','MI',2011,'Fall','Tau','',FALSE,'(313)-67-358','genevich'),
  ('ishaanjs','Business Administration - Finance','Ann Arbor','MI',2011,'Fall','Tau','',TRUE,'(734)-46-293','grailo'),
  ('rgappel','Chemical Engineering','Beaumont','TX',2010,'Fall','Upsilon','Scooby Doo',TRUE,'(248)-33-971','xjsixjag'),
  ('vward@umich.edu','Industrial and Operations Engineering','Port Huron','MI',2011,'Fall','Upsilon','',FALSE,'(810)-00-314','cwyckoff'),
  ('kadann','Chemical Engineering','Ann Arbor','MI',2020,'Fall','Upsilon','',FALSE,'(513)-40-198','cmarti'),
  ('meganelb','Nuclear Engineering & Radiological Sciences','Ann Arbor','MI',2010,'Fall','Upsilon','',FALSE,'','rmeggert'),
  ('jgfernan','Nuclear Engineering and Radiological Sciences','Ann Arbor','MI',2010,'Fall','Phi','Graaapedraaank 911',TRUE,'(734)-72-964','ryaneth'),
  ('louk','Industrial Operations Engineering','Ann Arbor','MI',2016,'Fall','Theta Beta','Ur mom',FALSE,'(248)-719-0069','sungkj'),
  ('ttristan','Mechanical Engineering','Ann Arbor','MI',0,'','Nu Beta','',TRUE,'(650)-678-3560','jmolesky'),
  ('dlheard','Computer Engineering','Ann Arbor','MI',0,'','Nu Beta','',TRUE,'','ralevens'),
  ('esoreide','Mechanical Engineering','Ann Arbor','MI',0,'','Mu Beta','',TRUE,'','lizsgoul'),
  ('reozdowy','Mechanical Engineering','Ann Arbor','MI',0,'Fall','Epsilon Beta','',TRUE,'','thanav'),
  ('rkreiter','Computer Science and Engineering','Ann Arbor','MI',2015,'Fall','Epsilon Beta','',TRUE,'(586)-22-022','rohansawalka'),
  ('albanka','Chemical Engineering','Muskegon','MI',2013,'Fall','Epsilon Beta','',FALSE,'(231)-70-901','gbhatia'),
  ('jimsiang','Chemical Engineering','Ann Arbor','MI',2016,'Fall','Theta Beta','',TRUE,'(248)-18-310','alexng'),
  ('nataaron','Aerospace Engineering','waukesha','WI',2012,'Fall','Gamma Beta','Professor BroHo',TRUE,'(262)-93-372','vward@umich.edu'),
  ('jumilton','','Ann Arbor','MI',0,'Fall','Epsilon Beta','',FALSE,'','esoybay'),
  ('thumme','Computer Science','New Hudson','MI',2013,'Fall','Epsilon Beta','',TRUE,'(989)-80-259','tindeck'),
  ('jamesrg','Materials Science and Engineering','Lake Angelus','MI',2015,'Fall','Epsilon Beta','',TRUE,'(248)-21-159','ajinebge'),
  ('saraali','Industrial Operations Engineering','Ann Arbor','MI',2013,'Fall','Delta Beta','',FALSE,'(630)-14-257','carteraj'),
  ('sylviach','Biomedical Engineering','Canton','MI',2013,'Fall','Delta Beta','',FALSE,'(734)-60-797','ishaanjs'),
  ('ryanbell','Biomedical Engineering','Ann Arbor','MI',2014,'Fall','Epsilon Beta','',TRUE,'(810)-75-106','cmillera'),
  ('monticme','Computer Science and Engineering','Northville','MI',2015,'Fall','Epsilon Beta','',FALSE,'(248)-80-765','shdeitt'),
  ('mwald','Mechanical Engineering','Ann Arbor','MI',0,'','Lambda Beta','Snowball',TRUE,'(516)-413-0508','jgussert'),
  ('domlanni','Mechanical Engineering','Livonia','MI',2013,'Fall','Delta Beta','',TRUE,'(248)-35-863','emstark'),
  ('jjwashbu','Computer Science Engineering','Ann Arbor','MI',2004,'Fall','Eta','That Guy',TRUE,'(734)-06-006','darrint'),
  ('pconlin','Psychology','Ann Arbor','MI',2005,'Fall','Eta','Gilligan',TRUE,'(734)-74-700','rbronson'),
  ('bkilbour','','Ann Arbor','MI',0,'Fall','Eta','',FALSE,'','dwallen'),
  ('squintan','Aerospace Engineering','Las Vegas','NV',2005,'Fall','Eta','Snowball',FALSE,'(702)-26-797','rbronson'),
  ('mperaino','','Ann Arbor','MI',0,'Fall','Zeta','',TRUE,'','qzhxfp'),
  ('rauchs','Industrial and Operations Engineering','Bothell','WA',2005,'Fall','Eta','Duct Tape',FALSE,'(734)-12-694','rileym'),
  ('cvanitt','','Ann Arbor','MI',0,'Fall','Zeta','',TRUE,'','mehtat'),
  ('tketai','Mechanical Engineering','San Francisco','CA',2004,'Fall','Zeta','Smooth',TRUE,'()--','jhschaef'),
  ('bsw','Biomedical Engineering','Ann Arbor','MI',2004,'Fall','Zeta','Shaft',FALSE,'(919)-75-605','dwallen'),
  ('jrtervol','IOE','Ann Arbor','MI',2003,'Fall','Zeta','',TRUE,'(804)-14-012','sbisgaie'),
  ('cworthem','Mechanical Engineering','Northville','MI',2000,'Fall','Founders','Random',TRUE,'(734)-76-783',''),
  ('rsekela1','','Ann Arbor','MI',0,'Fall','Founders','Monkey',TRUE,'',''),
  ('rachneal','Naval and Marine Architecture','Ann Arbor','MI',0,'','Mu Beta','',FALSE,'(248)-520-2168','mmangle'),
  ('afurman','','Ann Arbor','MI',0,'Fall','Alpha','Goo',TRUE,'','rmeder'),
  ('zmklav','Chemical Engineering','Laingsburg','MI',2014,'Fall','Theta Beta','',TRUE,'(517)-04-183','domlanni'),
  ('rosephi','Chemical Engineering','Battle Creek','MI',2009,'Fall','Tau','',TRUE,'(269)-74-553','benfried'),
  ('ryaneth','Aerospace Engineering','Simsbury','CT',2008,'Fall','Tau','Heinie',TRUE,'(860)-17-518','squintan'),
  ('changmar','Industrial and Operations Engineering','Ann Arbor','MI',2010,'Fall','Tau','',FALSE,'','tabuesch'),
  ('nclay','Chemical Engineering','Dearborn','MI',2011,'Fall','Tau','RELAX',TRUE,'(313)-70-036','vinnyv'),
  ('hwangm','Nuclear Engineering and Radiological Sciences','Wilmington','NC',2010,'Fall','Tau','',FALSE,'(248)-40-912','smpraus'),
  ('jmvan','IOE','Nashville','TN',2010,'Fall','Tau','Handsy Flowerpot',FALSE,'(586)-10-330','smiatrow'),
  ('ryakee','Chemical Engineering','Los Angeles','CA',2009,'Fall','Sigma','Pool Boy',TRUE,'(586)-63-693','ebusen'),
  ('rapete','Biology','Hammond','IN',2010,'Fall','Tau','',FALSE,'(219)-42-498','jrilly'),
  ('rlakhani','Mechanical Engineering','Plano','TX',2013,'Fall','Gamma Beta','',TRUE,'(734)-26-255','phalexan'),
  ('ajinebge','Computer Engineering','Warren','MI',2012,'Fall','Gamma Beta','',TRUE,'(586)-08-906','jtmi'),
  ('eaboett','Mechanical Engineering','Franklin','MI',2011,'Fall','Tau','',FALSE,'(845)-61-004','ppoisson'),
  ('siukathr','Chemical Engineering','Clarkston','MI',2010,'Fall','Tau','Nana',FALSE,'(248)-42-399','jldolan'),
  ('sbarr','Aerospace Engineering','Ann Arbor','MI',2005,'Fall','Kappa','',FALSE,'(734)-45-453','kdashair'),
  ('schremsa','Computer Engineering','Chicago','IL',0,'Fall','Kappa','Holidae In',TRUE,'()--','pconlin'),
  ('mmbowman','Biomedical Engineering','Oakland','CA',2005,'Fall','Kappa','Byom',TRUE,'(517)-49-329','jmellent'),
  ('mjbyom','Computer Engineering','Campbell','CA',2006,'Fall','Kappa','The Magic Dragon',TRUE,'(408)-10-691','jjwashbu'),
  ('alexkotu','Industrial and Operations Engineering','Ann Arbor','MI',2006,'Fall','Kappa','Pinch \'N\' Run',TRUE,'(612)-68-109','jdaunoravicius'),
  ('rmsherm','Aerospace Engineering','Tehachapi','CA',2005,'Fall','Iota','Fry',FALSE,'()--','lravindr'),
  ('kofahlum','Industrial Operations Engineering','Brighton','MI',2005,'Fall','Iota','Divine Wind',TRUE,'(734)-72-335','darrint'),
  ('dparrotb','Mechanical Engineering','East Lansing','MI',2005,'Fall','Kappa','Caulk Mobster',FALSE,'(777)-33-737','rauchs'),
  ('jmdonogh','Electrical Engineering','Ann Arbor','MI',2004,'Fall','Kappa','',TRUE,'(269)-69-493','kgunberg'),
  ('gapoorva','Computer Science Engineering','Ann Arbor','MI',2017,'Winter','Theta Beta','FAP',TRUE,'(248)-860-6707','mhensel'),
  ('lizsgoul','Mechanical Engineering','Ann Arbor','MI',0,'','Lambda Beta','Wipeout',FALSE,'(214)-505-8186','lowekiah'),
  ('rhchung','Mechanical Engineering','Ann Arbor','MI',0,'','Mu Beta','',TRUE,'(650)-492-3077','jeremylc'),
  ('anvmat','Chemical Engineering','Ann Arbor','MI',0,'','Mu Beta','Dull Tip',TRUE,'(609)-651-9034','atammana'),
  ('dingding','MS of Industrial and Operations Engineering','Ann Arbor','MI',2010,'Fall','Eta Beta','',TRUE,'(734)-04-869','ajinebge'),
  ('kunaln','Materials Science and Engineering','Marlboro','NJ',2015,'Fall','Eta Beta','',TRUE,'(732)-84-546','ryanbell'),
  ('srishtip','Environmental Engineering','Ann Arbor','MI',2016,'Fall','Theta Beta','',FALSE,'()--','rhsunnie'),
  ('isaak','Chemical Engineering','Shelby Township','MI',2016,'Fall','Eta Beta','',TRUE,'(586)-56-016','harrisri'),
  ('eguder','Industrial Operations Engineering','Ann Arbor','MI',0,'','Mu Beta','',FALSE,'(847)-990-0064','jgaulzet'),
  ('jparus','Computer Science Engineering','Ann Arbor','MI',0,'','Nu Beta','',TRUE,'','annastar'),
  ('nkhm','Computer Science Engineering','Ann Arbor','MI',2017,'Winter','Theta Beta','',TRUE,'(248)-231-5464','rohansaw'),
  ('mmangle','Computer Science Engineering','Ann Arbor','MI',2017,'Winter','Theta Beta','',FALSE,'(650)-218-4255','harrisri'),
  ('adibatra','Biomedical Engineering','Ann Arbor','MI',0,'','Mu Beta','',FALSE,'(847)-907-0928','nxlouie'),
  ('repatin','Mechanical Engineering','Ann Arbor','MI',2017,'Winter','Theta Beta','',TRUE,'','rhchoi');

INSERT INTO jobs (userid, title, company) VALUES
  ('genevich','Engineer','Pacific Northwest National Laboratory (internship)'),
  ('genevich','Engineer','ADVENT/Tetra Tech (internship)'),
  ('philipw','Engineer','Microsoft'),
  ('molsofsk','Engineer','Merck'),
  ('molsofsk','Engineer','Baxter Healthcare'),
  ('mehtat','Engineer','Abbott'),
  ('mehtat','Engineer','Hospira'),
  ('mehtat','Engineer','Amgen'),
  ('qzhxfp','Engineer','General Motors'),
  ('jmellent','Engineer','Accenture'),
  ('jmellent','Engineer','Sustainable Solutions Corp'),
  ('jmellent','Engineer','Philadelphia University'),
  ('muskr','Engineer','M&T Bank'),
  ('muskr','Engineer','General Motors'),
  ('jjbailey08','Engineer','General Motors'),
  ('jjbailey08','Engineer','American Axle'),
  ('jjbailey08','Engineer','United Solar Ovonics'),
  ('jjbailey08','Engineer','Relume Technologies'),
  ('khpatel','Engineer','Orbital Sciences Corporation'),
  ('ppoisson','Engineer','Kimberly-Clark'),
  ('kphall','Engineer','DubMeNow'),
  ('kphall','Engineer','GM'),
  ('chelseae','Engineer','Schlumberger'),
  ('chelseae','Engineer','NSF International'),
  ('smpraus','Engineer','International Technology and Trade Associates'),
  ('smpraus','Engineer','Inc.'),
  ('tabuesch','Engineer','Siemens'),
  ('tabuesch','Engineer','Rolls-Royce'),
  ('tabuesch','Engineer','GE'),
  ('angraor','Engineer','KCTV/KSMO'),
  ('angraor','Engineer','Emerson/Control Techniques'),
  ('jgussert','Engineer','Intern'),
  ('jgussert','Engineer','Moeller Manufacturing'),
  ('cmillera','Engineer','Westinghouse Electric Company'),
  ('cmillera','Engineer','Lawrence Berkeley National Laboratory'),
  ('kfairc','Engineer','US Department of Defense'),
  ('kfairc','Engineer','SPAWAR Branch'),
  ('stridas','Engineer','UofM'),
  ('stridas','Engineer','Black & Veatch'),
  ('stridas','Engineer','Pacific Gas & Electric'),
  ('rabani','Engineer','University of Michigan'),
  ('rabani','Engineer','Process Results'),
  ('rabani','Engineer','Inc.'),
  ('cmarti','Engineer','TRW'),
  ('cmarti','Engineer','Ball Aerospace'),
  ('cmarti','Engineer','Kohler'),
  ('cmarti','Engineer','Adaptive Materials'),
  ('cmarti','Engineer','Masco Cabinetry'),
  ('cmuhich','Engineer','CU Boulder'),
  ('katsb','Engineer','None'),
  ('michfern','Engineer','Air products and chemicals'),
  ('emjburns','Engineer','Cisco'),
  ('christag','Engineer','Intern'),
  ('christag','Engineer','Ford; Intern'),
  ('christag','Engineer','Neapco Drivelines LLC.'),
  ('malinare','Engineer','Sandia National Labs'),
  ('justingk','Engineer','Bosch Automotive Steering'),
  ('justingk','Engineer','Cisco Systems'),
  ('justingk','Engineer','Youth for Understanding (YFU) USA'),
  ('nkizy','Engineer','Vector CANtech'),
  ('jsuther','Engineer','Toyota'),
  ('jsuther','Engineer','Omega'),
  ('hkast','Engineer','United Solar Ovonic'),
  ('darrint','Engineer','TransMarket Group'),
  ('darrint','Engineer','LLC and Bank of America'),
  ('lravindr','Engineer','Jasper Design Automation'),
  ('rbronson','Engineer','None'),
  ('rileym','Engineer','Honda Performance Development'),
  ('rileym','Engineer','IAV'),
  ('duanmua','Engineer','Hulu'),
  ('duanmua','Engineer','Playboy'),
  ('duanmua','Engineer','Cisco'),
  ('lispag','Engineer','Barton Malow'),
  ('lispag','Engineer','Veteran\'s Hospital'),
  ('malbrigh','Engineer','Southern California Edison'),
  ('akluck','Engineer','Lockheed Martin'),
  ('markalan','Engineer','Oliver Wyman (management consulting)'),
  ('andybrwn','Engineer','Parsons Brinckerhoff'),
  ('aavila','Engineer','Owens Illinois (O-I)'),
  ('coolbre','Engineer','Interned at Walt Disney World'),
  ('ldemonte','Engineer','Dow Chemical'),
  ('tindeck','Engineer','N/A'),
  ('flynnmo','Engineer','None'),
  ('nklam','Engineer','Only GM'),
  ('caitlincramer12','Engineer','AmeriCorps VISTA'),
  ('caitlincramer12','Engineer','Intel'),
  ('fszalay','Engineer','Orbital ATK'),
  ('fszalay','Engineer','ARES Corporation'),
  ('fszalay','Engineer','Aerojet Rocketdyne'),
  ('fszalay','Engineer','Boeing'),
  ('emstark','Engineer','SpaceX'),
  ('emstark','Engineer','Keithley Instruments'),
  ('jldolan','Engineer','Department of Energy'),
  ('jhschaef','Engineer','Eaton Corporation'),
  ('sungkj','Engineer','None'),
  ('jamesrg','Engineer','Magna Electronics'),
  ('jamesrg','Engineer','Procter & Gamble'),
  ('jamesrg','Engineer','Mac Valves'),
  ('jamesrg','Engineer','Great Lakes Rubber'),
  ('squintan','Engineer','Dodge Racing'),
  ('squintan','Engineer','TPF Racing'),
  ('tketai','Engineer','Avinger'),
  ('tketai','Engineer','Evalve'),
  ('cworthem','Engineer','Visteon'),
  ('zmklav','Engineer','Merck & Co.'),
  ('zmklav','Engineer','Inc.'),
  ('nclay','Engineer','N/A'),
  ('jmvan','Engineer','General Mills'),
  ('jmvan','Engineer','Inc.'),
  ('ryakee','Engineer','Accenture'),
  ('ryakee','Engineer','Capgemini Consulting'),
  ('ajinebge','Engineer','Ford Motor Company'),
  ('eaboett','Engineer','BP'),
  ('schremsa','Engineer','Lutron'),
  ('schremsa','Engineer','AMD'),
  ('schremsa','Engineer','Toyota'),
  ('schremsa','Engineer','Keithley Instruments'),
  ('schremsa','Engineer','Consumer Energy'),
  ('mmbowman','Engineer','Merck'),
  ('kofahlum','Engineer','Comau LLC'),
  ('kofahlum','Engineer','American Axle');

INSERT INTO thetataucareer (userid, roleid, year, semester) VALUES
  ('rohansawalka','schrader',0,''),
  ('rohansawalka','pd',0,''),
  ('csaucier','pd',0,''),
  ('csaucier','advertising',0,''),
  ('gbhatia','fundraising',0,''),
  ('gbhatia','advertising',0,''),
  ('gbhatia','social',0,''),
  ('ncozen','pledgemaster',0,''),
  ('ncozen','advertising',0,''),
  ('ncozen','social',0,''),
  ('jmartog','traditions',0,''),
  ('jmartog','fundraising',0,''),
  ('simsbl','housing',0,''),
  ('simsbl','schrader',0,''),
  ('simsbl','social',0,''),
  ('simsbl','brobonding',0,''),
  ('simsbl','scribe',0,''),
  ('harrisri','rush',0,''),
  ('harrisri','philanthropy',0,''),
  ('shdeitt','fundraising',0,''),
  ('botatoes','treasurer',0,''),
  ('botatoes','advertising',0,''),
  ('alexng','traditions',0,''),
  ('alexng','web',0,''),
  ('alexng','schrader',0,''),
  ('alexng','rush',0,''),
  ('cecamp','traditions',0,''),
  ('cecamp','scribe',0,''),
  ('cecamp','historian',0,''),
  ('andredan','pd',0,''),
  ('genevich','pledgemaster',0,''),
  ('genevich','schrader',0,''),
  ('genevich','regent',0,''),
  ('genevich','viceregent',0,''),
  ('genevich','rush',0,''),
  ('britflah','philanthropy',0,''),
  ('marcmarc','web',0,''),
  ('jrilly','pledgemaster',0,''),
  ('jrilly','advertising',0,''),
  ('jrilly','academic',0,''),
  ('jwfong','schrader',0,''),
  ('jwfong','pd',0,''),
  ('jwfong','historian',0,''),
  ('jwfong','social',0,''),
  ('rmeggert','corsec',0,''),
  ('rmeggert','regent',0,''),
  ('rmeggert','advertising',0,''),
  ('rmeggert','social',0,''),
  ('audosbo','social',0,''),
  ('waimanl','pd',0,''),
  ('philipw','advertising',0,''),
  ('philipw','viceregent',0,''),
  ('molsofsk','corsec',0,''),
  ('molsofsk','social',0,''),
  ('mehtat','viceregent',0,''),
  ('mehtat','rush',0,''),
  ('qzhxfp','pledgemaster',0,''),
  ('jpmyers','schrader',0,''),
  ('jpmyers','regent',0,''),
  ('jpmyers','viceregent',0,''),
  ('dwallen','scribe',0,''),
  ('ccschul','philanthropy',0,''),
  ('mgiska','treasurer',0,''),
  ('mgiska','corsec',0,''),
  ('jmellent','regent',0,''),
  ('jmellent','fundraising',0,''),
  ('bethgles','scribe',0,''),
  ('bethgles','rush',0,''),
  ('yuanm','pd',0,''),
  ('yuanm','rush',0,''),
  ('xiaobpan','social',0,''),
  ('muskr','housing',0,''),
  ('muskr','regent',0,''),
  ('jjbailey08','regent',0,''),
  ('jjbailey08','viceregent',0,''),
  ('tkem','academic',0,''),
  ('haohsu','social',0,''),
  ('haohsu','rush',0,''),
  ('jasleung','advertising',0,''),
  ('vidhyasr','fundraising',0,''),
  ('stanvi','scribe',0,''),
  ('stanvi','academic',0,''),
  ('stanvi','social',0,''),
  ('lcpol','advertising',0,''),
  ('grailo','pd',0,''),
  ('grailo','advertising',0,''),
  ('grailo','traditions',0,''),
  ('grailo','historian',0,''),
  ('grailo','viceregent',0,''),
  ('khpatel','treasurer',0,''),
  ('khpatel','housing',0,''),
  ('khpatel','advertising',0,''),
  ('khpatel','rush',0,''),
  ('ppoisson','treasurer',0,''),
  ('ppoisson','pd',0,''),
  ('kphall','regent',0,''),
  ('kphall','viceregent',0,''),
  ('chelseae','pledgemaster',0,''),
  ('chelseae','traditions',0,''),
  ('chelseae','treasurer',0,''),
  ('smpraus','regent',0,''),
  ('smpraus','viceregent',0,''),
  ('smpraus','rush',0,''),
  ('cwyckoff','pd',0,''),
  ('cwyckoff','scribe',0,''),
  ('tabuesch','pd',0,''),
  ('tabuesch','viceregent',0,''),
  ('minnaepc','philanthropy',0,''),
  ('ruansj','academic',0,''),
  ('maxkotu','pledgemaster',0,''),
  ('maxkotu','traditions',0,''),
  ('maxkotu','housing',0,''),
  ('maxkotu','corsec',0,''),
  ('jlkron','viceregent',0,''),
  ('jlkron','scribe',0,''),
  ('jlkron','philanthropy',0,''),
  ('jfairchi','scribe',0,''),
  ('angraor','pledgemaster',0,''),
  ('angraor','corsec',0,''),
  ('angraor','regent',0,''),
  ('angraor','advertising',0,''),
  ('angraor','historian',0,''),
  ('mjquinn','web',0,''),
  ('emr','pledgemaster',0,''),
  ('kgunberg','schrader',0,''),
  ('kgunberg','regent',0,''),
  ('kgunberg','scribe',0,''),
  ('kgunberg','social',0,''),
  ('kgunberg','viceregent',0,''),
  ('emschmid','pd',0,''),
  ('emschmid','viceregent',0,''),
  ('alancast','web',0,''),
  ('alancast','social',0,''),
  ('patwan','web',0,''),
  ('cmbaums','fundraising',0,''),
  ('damjohn','academic',0,''),
  ('jordandr','web',0,''),
  ('jordandr','social',0,''),
  ('lowekiah','philanthropy',0,''),
  ('trburch','social',0,''),
  ('megjoki','pledgemaster',0,''),
  ('megjoki','regent',0,''),
  ('megjoki','academic',0,''),
  ('megjoki','social',0,''),
  ('gmcewan','pd',0,''),
  ('malvikab','pd',0,''),
  ('malvikab','social',0,''),
  ('jtmi','pledgemaster',0,''),
  ('jtmi','web',0,''),
  ('jtmi','treasurer',0,''),
  ('esoybay','traditions',0,''),
  ('esoybay','advertising',0,''),
  ('esoybay','academic',0,''),
  ('cmillera','pd',0,''),
  ('cmillera','academic',0,''),
  ('kfairc','social',0,''),
  ('mfaibish','brobonding',0,''),
  ('mfaibish','academic',0,''),
  ('mfaibish','rush',0,''),
  ('lcrook','advertising',0,''),
  ('jrswift','treasurer',0,''),
  ('jrswift','regent',0,''),
  ('asenyk','corsec',0,''),
  ('asenyk','regent',0,''),
  ('asenyk','academic',0,''),
  ('asenyk','viceregent',0,''),
  ('stridas','historian',0,''),
  ('stridas','social',0,''),
  ('clemense','pd',0,''),
  ('clemense','fundraising',0,''),
  ('rabani','schrader',0,''),
  ('rabani','regent',0,''),
  ('rabani','scribe',0,''),
  ('rabani','philanthropy',0,''),
  ('cmarti','pledgemaster',0,''),
  ('cmarti','traditions',0,''),
  ('cmarti','pd',0,''),
  ('cmarti','viceregent',0,''),
  ('cmuhich','pledgemaster',0,''),
  ('cmuhich','schrader',0,''),
  ('cmuhich','housing',0,''),
  ('cmuhich','corsec',0,''),
  ('ajfrantz','web',0,''),
  ('vinnyv','pledgemaster',0,''),
  ('vinnyv','academic',0,''),
  ('reedml','pledgemaster',0,''),
  ('maherk','social',0,''),
  ('ensignlm','social',0,''),
  ('phalexan','rush',0,''),
  ('maramae','pd',0,''),
  ('maramae','social',0,''),
  ('nxlouie','traditions',0,''),
  ('nxlouie','web',0,''),
  ('michfern','pd',0,''),
  ('michfern','traditions',0,''),
  ('michfern','schrader',0,''),
  ('michfern','historian',0,''),
  ('michfern','social',0,''),
  ('michfern','fundraising',0,''),
  ('emjburns','historian',0,''),
  ('emjburns','corsec',0,''),
  ('emjburns','brobonding',0,''),
  ('emjburns','viceregent',0,''),
  ('thanav','pd',0,''),
  ('thanav','viceregent',0,''),
  ('kwolok','housing',0,''),
  ('kwolok','fundraising',0,''),
  ('rhsunnie','advertising',0,''),
  ('rhsunnie','social',0,''),
  ('jbroggio','rush',0,''),
  ('carteraj','web',0,''),
  ('carteraj','fundraising',0,''),
  ('carteraj','housing',0,''),
  ('carteraj','corsec',0,''),
  ('carteraj','viceregent',0,''),
  ('kriskim','housing',0,''),
  ('kriskim','philanthropy',0,''),
  ('kriskim','regent',0,''),
  ('kriskim','corsec',0,''),
  ('kriskim','rush',0,''),
  ('kriskim','brobonding',0,''),
  ('cascook','philanthropy',0,''),
  ('christag','scribe',0,''),
  ('christag','regent',0,''),
  ('christag','historian',0,''),
  ('christag','philanthropy',0,''),
  ('dahodge','pd',0,''),
  ('chanmeec','advertising',0,''),
  ('kelemley','traditions',0,''),
  ('kelemley','corsec',0,''),
  ('kelemley','social',0,''),
  ('kert','pd',0,''),
  ('zepeda','advertising',0,''),
  ('jyiyang','academic',0,''),
  ('justingk','pledgemaster',0,''),
  ('justingk','regent',0,''),
  ('justingk','viceregent',0,''),
  ('justingk','philanthropy',0,''),
  ('clooney','academic',0,''),
  ('clooney','philanthropy',0,''),
  ('smiatrow','scribe',0,''),
  ('smiatrow','philanthropy',0,''),
  ('nkizy','fundraising',0,''),
  ('nkizy','academic',0,''),
  ('nkizy','scribe',0,''),
  ('jsuther','social',0,''),
  ('tanayn','advertising',0,''),
  ('tanayn','pd',0,''),
  ('tanayn','academic',0,''),
  ('hkast','advertising',0,''),
  ('darrint','web',0,''),
  ('darrint','treasurer',0,''),
  ('darrint','pd',0,''),
  ('avalique','historian',0,''),
  ('stepania','academic',0,''),
  ('rbronson','regent',0,''),
  ('jdaunoravicius','web',0,''),
  ('jdaunoravicius','philanthropy',0,''),
  ('jjinnah','corsec',0,''),
  ('duanmua','web',0,''),
  ('duanmua','social',0,''),
  ('ebklouda','social',0,''),
  ('jessewst','pledgemaster',0,''),
  ('jessewst','brobonding',0,''),
  ('jessewst','housing',0,''),
  ('jessewst','viceregent',0,''),
  ('jessewst','philanthropy',0,''),
  ('meland','housing',0,''),
  ('meland','academic',0,''),
  ('nabani','pd',0,''),
  ('nabani','viceregent',0,''),
  ('nabani','philanthropy',0,''),
  ('adcunha','schrader',0,''),
  ('adcunha','historian',0,''),
  ('gregfi','treasurer',0,''),
  ('gregfi','pd',0,''),
  ('kdashair','fundraising',0,''),
  ('jcgrimm','traditions',0,''),
  ('jcgrimm','housing',0,''),
  ('jcgrimm','academic',0,''),
  ('jcgrimm','regent',0,''),
  ('jcgrimm','viceregent',0,''),
  ('malbrigh','fundraising',0,''),
  ('stoloreb','philanthropy',0,''),
  ('akluck','web',0,''),
  ('akluck','corsec',0,''),
  ('markalan','pd',0,''),
  ('markalan','corsec',0,''),
  ('markalan','viceregent',0,''),
  ('patelmn','rush',0,''),
  ('hdorer','pd',0,''),
  ('hdorer','rush',0,''),
  ('rovinski','academic',0,''),
  ('andybrwn','pd',0,''),
  ('andybrwn','viceregent',0,''),
  ('andybrwn','philanthropy',0,''),
  ('mwinsemi','scribe',0,''),
  ('aczubko','treasurer',0,''),
  ('aczubko','housing',0,''),
  ('aczubko','viceregent',0,''),
  ('aczubko','philanthropy',0,''),
  ('coolbre','academic',0,''),
  ('ldemonte','pd',0,''),
  ('ldemonte','academic',0,''),
  ('ldemonte','philanthropy',0,''),
  ('emichang','web',0,''),
  ('emichang','pd',0,''),
  ('rhchoi','pledgemaster',0,''),
  ('rhchoi','pd',0,''),
  ('rhchoi','rush',0,''),
  ('mhensel','treasurer',0,''),
  ('mhensel','pd',0,''),
  ('mhensel','fundraising',0,''),
  ('dmcewan','pd',0,''),
  ('dmcewan','rush',0,''),
  ('dbzero','pledgemaster',0,''),
  ('dbzero','corsec',0,''),
  ('dbzero','scribe',0,''),
  ('catpat','academic',0,''),
  ('catpat','philanthropy',0,''),
  ('flynnmo','pledgemaster',0,''),
  ('flynnmo','scribe',0,''),
  ('flynnmo','advertising',0,''),
  ('flynnmo','social',0,''),
  ('njmontes','scribe',0,''),
  ('njmontes','pd',0,''),
  ('njmontes','academic',0,''),
  ('njmontes','social',0,''),
  ('derekdcs','fundraising',0,''),
  ('kachou','historian',0,''),
  ('kachou','pd',0,''),
  ('kachou','advertising',0,''),
  ('nklam','pd',0,''),
  ('aarthara','advertising',0,''),
  ('aarthara','academic',0,''),
  ('aarthara','philanthropy',0,''),
  ('aagrajek','treasurer',0,''),
  ('kamalk','scribe',0,''),
  ('kamalk','social',0,''),
  ('kamalk','viceregent',0,''),
  ('caitlincramer12','schrader',0,''),
  ('caitlincramer12','corsec',0,''),
  ('caitlincramer12','social',0,''),
  ('caitlincramer12','philanthropy',0,''),
  ('ccprice','pledgemaster',0,''),
  ('ccprice','web',0,''),
  ('ccprice','scribe',0,''),
  ('ccprice','brobonding',0,''),
  ('jbrendel','rush',0,''),
  ('xjsixjag','housing',0,''),
  ('xjsixjag','regent',0,''),
  ('xjsixjag','philanthropy',0,''),
  ('fszalay','viceregent',0,''),
  ('emstark','pledgemaster',0,''),
  ('emstark','pd',0,''),
  ('emstark','historian',0,''),
  ('emstark','rush',0,''),
  ('mikeqin','schrader',0,''),
  ('mikeqin','academic',0,''),
  ('mikeqin','rush',0,''),
  ('erekn','fundraising',0,''),
  ('natbrwn','fundraising',0,''),
  ('natbrwn','academic',0,''),
  ('natbrwn','historian',0,''),
  ('benfried','traditions',0,''),
  ('benfried','treasurer',0,''),
  ('cdsadler','historian',0,''),
  ('jldolan','rush',0,''),
  ('mwrod','fundraising',0,''),
  ('mwrod','treasurer',0,''),
  ('mwrod','academic',0,''),
  ('mwrod','historian',0,''),
  ('sassyk','rush',0,''),
  ('batchac','schrader',0,''),
  ('batchac','pd',0,''),
  ('batchac','regent',0,''),
  ('mfeustel','pd',0,''),
  ('aolosfsk','treasurer',0,''),
  ('aolosfsk','social',0,''),
  ('mascione','scribe',0,''),
  ('mascione','advertising',0,''),
  ('mascione','rush',0,''),
  ('david.moenssen','philanthropy',0,''),
  ('jhschaef','social',0,''),
  ('jhschaef','viceregent',0,''),
  ('sbisgaie','web',0,''),
  ('sbisgaie','schrader',0,''),
  ('weitung','pd',0,''),
  ('weitung','philanthropy',0,''),
  ('sungkj','pd',0,''),
  ('sungkj','advertising',0,''),
  ('sungkj','philanthropy',0,''),
  ('sungkj','traditions',0,''),
  ('sungkj','schrader',0,''),
  ('sungkj','regent',0,''),
  ('sungkj','brobonding',0,''),
  ('sungkj','scribe',0,''),
  ('mirim','pledgemaster',0,''),
  ('mirim','academic',0,''),
  ('jiaxin','schrader',0,''),
  ('jiaxin','scribe',0,''),
  ('jiaxin','rush',0,''),
  ('samcdev','traditions',0,''),
  ('samcdev','advertising',0,''),
  ('ishaanjs','schrader',0,''),
  ('ishaanjs','housing',0,''),
  ('rgappel','pd',0,''),
  ('vward@umich.edu','regent',0,''),
  ('vward@umich.edu','social',0,''),
  ('meganelb','pledgemaster',0,''),
  ('meganelb','scribe',0,''),
  ('jgfernan','fundraising',0,''),
  ('louk','traditions',0,''),
  ('louk','corsec',0,''),
  ('louk','rush',0,''),
  ('rkreiter','web',0,''),
  ('rkreiter','fundraising',0,''),
  ('albanka','schrader',0,''),
  ('albanka','academic',0,''),
  ('albanka','social',0,''),
  ('jimsiang','traditions',0,''),
  ('jimsiang','advertising',0,''),
  ('jimsiang','academic',0,''),
  ('nataaron','social',0,''),
  ('jumilton','fundraising',0,''),
  ('thumme','web',0,''),
  ('thumme','pd',0,''),
  ('thumme','rush',0,''),
  ('jamesrg','schrader',0,''),
  ('jamesrg','fundraising',0,''),
  ('sylviach','rush',0,''),
  ('ryanbell','philanthropy',0,''),
  ('monticme','pledgemaster',0,''),
  ('monticme','fundraising',0,''),
  ('monticme','corsec',0,''),
  ('domlanni','fundraising',0,''),
  ('jjwashbu','pd',0,''),
  ('pconlin','rush',0,''),
  ('bkilbour','fundraising',0,''),
  ('squintan','historian',0,''),
  ('squintan','advertising',0,''),
  ('squintan','philanthropy',0,''),
  ('rauchs','academic',0,''),
  ('bsw','scribe',0,''),
  ('bsw','regent',0,''),
  ('bsw','historian',0,''),
  ('bsw','viceregent',0,''),
  ('jrtervol','regent',0,''),
  ('jrtervol','viceregent',0,''),
  ('cworthem','treasurer',0,''),
  ('cworthem','philanthropy',0,''),
  ('rsekela1','web',0,''),
  ('zmklav','pledgemaster',0,''),
  ('zmklav','treasurer',0,''),
  ('rosephi','traditions',0,''),
  ('rosephi','viceregent',0,''),
  ('rosephi','regent',0,''),
  ('rosephi','historian',0,''),
  ('rosephi','rush',0,''),
  ('ryaneth','pd',0,''),
  ('ryaneth','academic',0,''),
  ('changmar','traditions',0,''),
  ('changmar','rush',0,''),
  ('changmar','philanthropy',0,''),
  ('nclay','corsec',0,''),
  ('nclay','housing',0,''),
  ('nclay','academic',0,''),
  ('nclay','philanthropy',0,''),
  ('hwangm','advertising',0,''),
  ('hwangm','rush',0,''),
  ('jmvan','fundraising',0,''),
  ('jmvan','social',0,''),
  ('rapete','pledgemaster',0,''),
  ('rapete','scribe',0,''),
  ('rapete','fundraising',0,''),
  ('rlakhani','traditions',0,''),
  ('rlakhani','academic',0,''),
  ('ajinebge','pledgemaster',0,''),
  ('ajinebge','web',0,''),
  ('ajinebge','regent',0,''),
  ('ajinebge','advertising',0,''),
  ('eaboett','pledgemaster',0,''),
  ('eaboett','fundraising',0,''),
  ('eaboett','viceregent',0,''),
  ('eaboett','academic',0,''),
  ('eaboett','philanthropy',0,''),
  ('siukathr','fundraising',0,''),
  ('siukathr','academic',0,''),
  ('siukathr','philanthropy',0,''),
  ('sbarr','social',0,''),
  ('schremsa','pd',0,''),
  ('schremsa','housing',0,''),
  ('schremsa','treasurer',0,''),
  ('alexkotu','regent',0,''),
  ('alexkotu','scribe',0,''),
  ('alexkotu','rush',0,''),
  ('rmsherm','scribe',0,''),
  ('rmsherm','regent',0,''),
  ('rmsherm','fundraising',0,''),
  ('dparrotb','pledgemaster',0,''),
  ('dparrotb','schrader',0,''),
  ('gapoorva','web',0,''),
  ('gapoorva','pd',0,''),
  ('gapoorva','academic',0,''),
  ('dingding','web',0,''),
  ('kunaln','pd',0,''),
  ('kunaln','housing',0,''),
  ('kunaln','rush',0,''),
  ('isaak','brobonding',0,''),
  ('isaak','housing',0,''),
  ('isaak','fundraising',0,''),
  ('mmangle','historian',0,''),
  ('mmangle','social',0,''),
  ('mmangle','philanthropy',0,''),
  ('repatin','advertising',0,''),
  ('repatin','social',0,'');

INSERT INTO auth (userid, pw, token) VALUES
  ('rohansawalka','c73fe32ed32cbca4837d9e24df2afe47e05a6f4b2e5fe3eafc204b2b8980df74','NOTLOGGEDIN'),
  ('csaucier','3a3d0f852395b02658a50efedb5ed2d9cf0b336b21f7298ac6319bfc2acba8f7','NOTLOGGEDIN'),
  ('gbhatia','1a73fe55311f787c0bca518b8286a6566c2f4f46de7f8dd044cf5ae884cb91fa','NOTLOGGEDIN'),
  ('ncozen','1c5a642241e147ba7a43d46376dd51e32acc2e0ce509ec5db7e68dcdf628ce9a','NOTLOGGEDIN'),
  ('jmartog','524a6ba09b65ee7cc11b64f9698c66d20335d0078a0163322e04749b3567ba22','NOTLOGGEDIN'),
  ('simsbl','23722014789df2b0f6ff054997be79abbd01ab24f59d220a3da930271f124bb9','NOTLOGGEDIN'),
  ('harrisri','42cdb89dffef8054e627565e26335797e45c0853bb35ac121e095416e8d246fb','NOTLOGGEDIN'),
  ('shdeitt','3bb67a73c93bd072897305d59e9be5fd6f0e2fde54a7576671860a886f6f107c','NOTLOGGEDIN'),
  ('lapohl','a497969b9ee095b7afc545404ce68c0de2a60470423f23251fc3f8057492189a','NOTLOGGEDIN'),
  ('botatoes','24b6a4e2460adcd70b7fa837e260d813923979e167f5be107ba55985ffe3e611','NOTLOGGEDIN'),
  ('gabelok','42392bbe5ec5689566e52fabc9c27ba7b5e8c62ef07cc0c22ef181bd6a599263','NOTLOGGEDIN'),
  ('mantung','5dcfee4b9f46061ba61ee727e7987139f6139ef6600874a2bb53f0a7c3c42509','NOTLOGGEDIN'),
  ('alexng','34dc625cad13881ed188e675372b3037d0ed90e3202d428428ce902937fd79d8','NOTLOGGEDIN'),
  ('cecamp','107a0bb0d822e6a735c668e9882296bda4812f879b343aefdd2680ad85dbc293','NOTLOGGEDIN'),
  ('johnkmur','df69c2d39ab12670cb6029cf6c910b38e1ca4f2384916e73e9a68be18c04bd0b','NOTLOGGEDIN'),
  ('andredan','6b2a9660f6543a9789c6e205688b031df621d3536656026d297deed93644a207','NOTLOGGEDIN'),
  ('genevich','ae0838ce1067d05c31d62ebb42d3ab255d2f90dbf9d0e8cfc94c0fe77df20ed7','NOTLOGGEDIN'),
  ('britflah','c2d03a2897f0e8a3216614cfa4fa9606a7c54166a84fa8eb4777eaf7863f48f7','NOTLOGGEDIN'),
  ('marcmarc','25309b44b72e9bd0b22f1aded0bbae894e39ae335f1705c2b4ffd0bd92740994','NOTLOGGEDIN'),
  ('sbatch','ef46db8b785fde4503e583b9cdae00177896d6a5bf0519e04211a29f3ea126b3','NOTLOGGEDIN'),
  ('jrilly','6584a2486cb5b474391ea40f7ac4a5c9d91545f11eefd16169f2673cca447cbb','NOTLOGGEDIN'),
  ('jwfong','e41848d99065031be9514ed707d12274733107ec60293f4965876c3df84db892','NOTLOGGEDIN'),
  ('rmeggert','c927f75252eee1757998052ae8d0782fd7c2d34ab6cab20c491aff0aa30b7e53','NOTLOGGEDIN'),
  ('audosbo','0096afe0994356891a001e3f1326f882ddb95348fedd9463ef408b507c21cc93','NOTLOGGEDIN'),
  ('waimanl','772545ef1f961d28017443aad24e8c8fdfcf687e7626b63725ef8eb671bb4ee2','NOTLOGGEDIN'),
  ('philipw','99075d631b993790709d266c10d9a66221a4041bacae26acbd1c16253bb38175','NOTLOGGEDIN'),
  ('molsofsk','77527bd746d3c8f24262e4ba5992fdc649e003d3ba29cac67b151b150e198082','NOTLOGGEDIN'),
  ('gsabo','72169105613c024af927b0cc429df975f5b8f47fa5e315646cc74a54dad7e976','NOTLOGGEDIN'),
  ('mehtat','c22ea79272ce634ed5e1da8d95a5961af96630387f5d285c961e782a9cee152c','NOTLOGGEDIN'),
  ('qzhxfp','947e58964b5e12809c90494cab8a76d88c4c00d9b3b8fa7b84dc3aa78864fb22','NOTLOGGEDIN'),
  ('jpmyers','9e3ea42ed4722790258d4692a106491690502e93c5cbb41f4c14ce943c454bc3','NOTLOGGEDIN'),
  ('dwallen','8c39f1cc70d5886352b4a172061b0869c13e1be6aed383a0abe30e4dd2bd4e9f','NOTLOGGEDIN'),
  ('jordzhu','1b949059b81687ca62f3c837b14f7455d27723a56cc27078cea270499841150d','NOTLOGGEDIN'),
  ('ccschul','27ae134303efce08b0975e83f7c2c24aea53ab10e2f8ccfe7daf1f674effa049','NOTLOGGEDIN'),
  ('pkostas','8c32afb1614b1089256585d21f8e5dcc42e553dab8fe4783c86386e36ef74bd2','NOTLOGGEDIN'),
  ('sanjsub','5ce1eb30683c3435d46f708628ff350bf66f6225f9fdac3dbc33535724f8d011','NOTLOGGEDIN'),
  ('mgiska','0b468ae30c639e28cea91bee3a856f8ec268660605713cfac909b77bd18032c1','NOTLOGGEDIN'),
  ('jmellent','5514cd205f4b2e08969181459252a56d79ea723428921dd4119c7bc29c518c01','NOTLOGGEDIN'),
  ('bethgles','0c3d5626401b3ba9ca1904088921ecfef804bc8562b54cd01b3023d42e472aeb','NOTLOGGEDIN'),
  ('yuanm','15230241f4758eeb64993b014e3e998645f12671ca50539acabcd5b2427586a4','NOTLOGGEDIN'),
  ('xiaobpan','dfbc4d7d6845f423e555cb451123e554a45a5a3c4ef72ea7ee14e1d200442101','NOTLOGGEDIN'),
  ('muskr','a9e4240e374612ca07c6f65331bf8351f3a67473155727d3f58fdd2711746da2','NOTLOGGEDIN'),
  ('jaiyeong','38f27eaa68512f2a8aee07b2588a80a86de462fd33c3d6bc2f251a3cd19ac950','NOTLOGGEDIN'),
  ('jjbailey08','f82af76846dee55ed00c9ebb21665b925dfaf449eeb2840bca7a3e2b60cf0ca3','NOTLOGGEDIN'),
  ('tkem','dcf8c91daec784e4c732fe4d0ecc839957977eabf60f3c65da11cb1f27eaff24','NOTLOGGEDIN'),
  ('kunalm','fa28803b466508c4ad51b4b2ad2f312a9a3e996695744fc0f7f552f7c626a1f6','NOTLOGGEDIN'),
  ('haohsu','57f6ddede407d8546c7b171a6ff1be7457d893fb1ace57de744a855fe1429239','NOTLOGGEDIN'),
  ('jasleung','3452a68ee9d16aa8fcb0f12ce3fa9180e516c9ac7a133f1068c7e23a53953aa8','NOTLOGGEDIN'),
  ('aoaoaoa','41f3ceb1e12c23d7c5f311636cc86aabe4267140845486e17b6fe6aaada02fc8','NOTLOGGEDIN'),
  ('vidhyasr','347b5cc7ab21cd463f842111d9f2ea1e34684db71566dfdf11ac8071970bb81a','NOTLOGGEDIN'),
  ('stanvi','db12c2c319091fa3cb9f988160690d73cafb882f54b8ec2bc30519ee5f2aa3f3','NOTLOGGEDIN'),
  ('lcpol','e0fea183f2899e132544f734d27cdc43ed626e7838ed20151f9576ca8726be68','NOTLOGGEDIN'),
  ('grailo','a19cbb33f77b4476a2a1f5e7ce1ef4dc7d75178868ca6224a1aec32f8663387c','NOTLOGGEDIN'),
  ('freemaja','cf71d1ffa31fbac3375b5fd02825d4b4f2caa984097fda90772dcb974749906c','NOTLOGGEDIN'),
  ('khpatel','acebcbf7324be9c7db0cc9ca19a69b6cfc9ffa5c9323ead2438e9324606ff47d','NOTLOGGEDIN'),
  ('ppoisson','a8584b408da07530f895c8a25135953a8abc5cb9f49a96b42b2832edb803d029','NOTLOGGEDIN'),
  ('kphall','829e9bda0ecbe9945ed2a1f14b4c6618f4f76ca6652922b5dbd340f9ba2eb38f','NOTLOGGEDIN'),
  ('kjschill','f4d243d0c1e4a819efa55d33677699bffa9280995bc18aee42b5b842861a54fc','NOTLOGGEDIN'),
  ('chelseae','241cfe6f3f677df5973583af5d58e1cab29d4488bbdf77d2e6718bc8d600425a','NOTLOGGEDIN'),
  ('smpraus','51de30e97651ef097aa6a2f5c2bbe3f58943d5e7f3e810e34b5ad617dcb91191','NOTLOGGEDIN'),
  ('cwyckoff','53f7555269d04889088d581537b6801dda5b4da8dfc06ebaa7cd119bedaaf5b9','NOTLOGGEDIN'),
  ('tabuesch','68b0454568e0975e04f2157a0ad7b4e9d505f7c848c7a52cc73a880b49b60431','NOTLOGGEDIN'),
  ('minnaepc','d79cdce4d5a781995093ad7a5578d42c874d86b1c43a62bc877e187d3b3b270d','NOTLOGGEDIN'),
  ('ruansj','6878a6b19fc30853f1d769e1765a58ec2eb8c6baf55d68791f253586dfcd4fcb','NOTLOGGEDIN'),
  ('maxkotu','5e32f49d9bc68671820b5af662b6d49a48e3d9bd7cdaed99e03761277a16eefb','NOTLOGGEDIN'),
  ('jlkron','89c77feac8ddf57f657f5d69184f0f1399f0f0d338ac6ed3fc1bd38a88f89f57','NOTLOGGEDIN'),
  ('jfairchi','9ffc7a33ae08623aae340f58a8dba98162e1e98f09acc9f8590befb64e7510e4','NOTLOGGEDIN'),
  ('ranavk','f5711f9ae63be995a4a743741268b5358cb1c9ef38a0aecfb24fc56e621dd21e','NOTLOGGEDIN'),
  ('pdoll','646448df07c10bcaa6cc357b9164304a9347683cb26ef6b00a3da20b36243b31','NOTLOGGEDIN'),
  ('angraor','0986e88172d6794cb76242baca2dbecd5354fd3970cf4daebb45ecb416788402','NOTLOGGEDIN'),
  ('mjquinn','ba8875629c905283d5a6a98bf8b7ebc7cd83fa582b21a225feb7c783009c523a','NOTLOGGEDIN'),
  ('rburkhar','129f5ce72f7a8cfd449715690b97402e11b2206ed0a381239f265f6656c58d4d','NOTLOGGEDIN'),
  ('emr','4f124d3ce9a20ff6a53f305677813e01a0d1c2d6bf20debc6a32060d6a1250b6','NOTLOGGEDIN'),
  ('kgunberg','5e7d783dd142017c95cf78ff79d7c7cefc86af84dab371e1d1d550cdf1d0b330','NOTLOGGEDIN'),
  ('emschmid','33cce101dbb1e8c274439c282fe76f79e2ae6286cc74be602c07dfc4163fb6be','NOTLOGGEDIN'),
  ('alancast','16eafa72f93732f71cd012bb2fb94dfa34896a705722dd2983eb93430d3d2b27','NOTLOGGEDIN'),
  ('andyjm','7c6dadfed6c5f5327810b33896db302c22b84b168b25c6ac039599e665ac2828','NOTLOGGEDIN'),
  ('patwan','99230beec4f394917f00cf399c0b34b7c02855b6dda2bd3f523f4de959149d94','NOTLOGGEDIN'),
  ('derino','541a71578591803600166c510246421013e384ff4e6d2c29f4b902ef8f2ea2de','NOTLOGGEDIN'),
  ('cmbaums','f91236aece4f537af03a09f5cbc54015789f2b945c0eba5c2015db1806527052','NOTLOGGEDIN'),
  ('damjohn','cb1446ec062d58734dfda40b5267601f691813bd6e6a221277384df48ebf83a4','NOTLOGGEDIN'),
  ('kimyusun','6738211ed01a38cb5b5dc0803d5e11b48b4dd90a160843a3756b92d18a29e0dd','NOTLOGGEDIN'),
  ('jgussert','ecd59486dcf8ce10c8868f4ae5580b9c2bf759499b6e31ba9141de1e40a5bf8c','NOTLOGGEDIN'),
  ('jordandr','8df27aa2f9a2a1270ff282986d50bc83a93fd1c5abb90f77bb2f8a6780c5de87','NOTLOGGEDIN'),
  ('lowekiah','da6c132cfa27d2002d28bb588b6c47871e7055062f3cb09478c312837bc4a279','NOTLOGGEDIN'),
  ('trburch','b824f175d83442ab66b15f04d721ff3772ed16067c917ad4d127c3fd0397b02b','NOTLOGGEDIN'),
  ('megjoki','ee2a450438d9459bd472d46d6348905ba4ecd8950de7f0dadc60075cf6c4f864','NOTLOGGEDIN'),
  ('gmcewan','519e7cef57629a0472bc88bb84ff38d012256092879f597a5fb5e79cb836e740','NOTLOGGEDIN'),
  ('nricci','19e786fa22572d81a2ef20952d68a4ebb2f42d0e022a6da8c6030cb3f92d5cc3','NOTLOGGEDIN'),
  ('malvikab','b527266a96bccf3333baad56627b2d071d481910ffe09f2d0f7c5c2c796a559d','NOTLOGGEDIN'),
  ('jtmi','b9610a0a91dc437706ff8d422fbe020ba865f5f6e5db8bdcf020a66aa5587838','NOTLOGGEDIN'),
  ('esoybay','072e7176db99cc3258a1bb9f4082c5261ed8fa29bcd8c0751340c5a6d542781b','NOTLOGGEDIN'),
  ('cmillera','4ff35e8dfdca7b44ba5992292174dd286c4953225690b97dc9a64eaa40010e48','NOTLOGGEDIN'),
  ('kfairc','30452078ad2a428b54364ebe27054da2f529505ee2771ef82d3df2220dd61368','NOTLOGGEDIN'),
  ('mfaibish','6b6e7c7ee162875a60fab59dfec19099e89e9dce790bc6997116f23f3218971a','NOTLOGGEDIN'),
  ('lcrook','1347ae2a897da55cc038b9907356f24e9ea0153208b188adb34b165d6e346d74','NOTLOGGEDIN'),
  ('aosorio','4b7ad9ca2ad8f9b11473f076510ccf1905d69806dd0076c5d00953e01c5865ed','NOTLOGGEDIN'),
  ('jrswift','9fd559614fedecf2f752b1c748cce11f4fd52b1f9ab4ba385a1bb176aa8b2be6','NOTLOGGEDIN'),
  ('asenyk','38187991081e4d58d33c23dec048b4e60abdf711130d1256f94a90ecebecb8b2','NOTLOGGEDIN'),
  ('stridas','b3a8e5d450beb2f990e9c7716485ff093fc36aa252b6133aadcfdc5b2a3d9461','NOTLOGGEDIN'),
  ('clemense','512214b2358c5b8dd447424bee049515e505f8926630bd044c91791a6eadb714','NOTLOGGEDIN'),
  ('rabani','af68b5494af92209632de007eba26fb22eca7d355b6e99a1ced889a701b704da','NOTLOGGEDIN'),
  ('cmarti','298b9460aa832ccbbf0f380673d9ebc42a574aba0acd85403e9c71f90a4628d7','NOTLOGGEDIN'),
  ('cmuhich','3cae4a8ad9c6f435f5befd02896e4db61a90a12204b3acd3dffb0f2881f40805','NOTLOGGEDIN'),
  ('jengehle','5f634623700c418bcb86a58e66beeb3bdc66e230dc5f3647e9fe8012abbf9947','NOTLOGGEDIN'),
  ('ajfrantz','bd3f569b580c0c49e4b989346f638b60b0c9d053d143b78158bec5fa1cc631d3','NOTLOGGEDIN'),
  ('vinnyv','f9928d22575868b57878b7971b2a969b6f3861cef90a18846b9b065336bbfc77','NOTLOGGEDIN'),
  ('milliken','99e4962739cf42616091f6d4fabb16abe2c7745002c0e29adbd1cf5a97ed0a1d','NOTLOGGEDIN'),
  ('reedml','b9b185335bee9a5f9989666b0705bb9592a3e785b5fe4f9475b003aa497ee436','NOTLOGGEDIN'),
  ('maherk','e819bcb6b1b3b870d68459ae38d1822475c677ec326cf644758df478aaa27085','NOTLOGGEDIN'),
  ('ensignlm','89baa3cc8e51a02c8a64a5e0df400c1cebe580f650e86a46a5578beec725395e','NOTLOGGEDIN'),
  ('quanz','22b317d0a04d55a66347e09901863dc1c38613bdfa553168bc6bae5064c88392','NOTLOGGEDIN'),
  ('phalexan','b683c928d5659829d47315f096ec39297f89024d7d7fca306751c3b2ad13e459','NOTLOGGEDIN'),
  ('katsb','936d3646cb74fb97496dd6c21e4971373dff61c6f07b42af9303d701a0ad6ce1','NOTLOGGEDIN'),
  ('maramae','ead8bbc38c82285781326e5658819194ea4825336895f32dff87bdd31fa12193','NOTLOGGEDIN'),
  ('nxlouie','36b308d7a950f6a889308aaa64bb1109058f2b4d75dd2eeb288131a3cb36aa5a','NOTLOGGEDIN'),
  ('michfern','75d3c6032a9af7549a84e2649b57627ac9880689e14730c7d1f4d4a8f3dd0cf3','NOTLOGGEDIN'),
  ('altung','f4af79e41951dcef02f491219ec2e3880252fe595ba313d45c7279421965ce61','NOTLOGGEDIN'),
  ('emjburns','7b1a1254e424ce510fac9d501777c9e889534b70b04a802a62f52737e53a1e46','NOTLOGGEDIN'),
  ('thanav','104566d05d424ce1dac3c747747c4fac8758857e6577685e66a021c37f1b7663','NOTLOGGEDIN'),
  ('jennyhuh','5699c228c7c45ff5af200c41da084f7320528ff8b58c988a254c5a0aa3ca80ab','NOTLOGGEDIN'),
  ('kwolok','b4362cd36d478d80e70d6b57f9bfb80d15b1cf81206418ce44a64381042f98a2','NOTLOGGEDIN'),
  ('rhsunnie','67273b4bc07f1139bbc2553b292d39be096b46d79e15673666cf84795e391549','NOTLOGGEDIN'),
  ('jbroggio','7a82dcf5a08bff0e7f1776627b4407a43256847a1dc0a64328c6d4439cf3aeef','NOTLOGGEDIN'),
  ('carteraj','589c70c4c869b084e24445d534704e9e0b1ccc8b5dcce1f3cc7431b2afdda3ce','NOTLOGGEDIN'),
  ('troywe','e6de6cf5b53088db7b6d186b5021d79c28b3ecf67627d6348a46234366497698','NOTLOGGEDIN'),
  ('rmeder','61a386bfd1c3c055db9fdb9de600452679bbe835723497313197af009aa80164','NOTLOGGEDIN'),
  ('bjuhrend','8f25a2a8626e863e79314c9e46cc527084e17dde975fc8366337676e7cad68c4','NOTLOGGEDIN'),
  ('kriskim','528ce26cea250d740f0edf517be043ec680eb0f2adf6d15cc9798a21f7b85269','NOTLOGGEDIN'),
  ('annastar','a4ddb083f080b67e59349279e3e15d3a1fb1d0c459df7855be054481372b26ac','NOTLOGGEDIN'),
  ('cascook','6f3e987774e41f3c2c81f88ba9634f558a5af9434b1f6165321fc9c6c4a19440','NOTLOGGEDIN'),
  ('christag','df08c4f450b6d08f4267971bbbea55232af17268e1306a675402c54dabfce5bd','NOTLOGGEDIN'),
  ('fpenikis','90d31abdb39c6a0e6b242449de8b4269276eb7498c63981ec6c244b7f327f631','NOTLOGGEDIN'),
  ('ppreet','f93a9ca787f5f605a315ba90e2e4de2dba78c8878932119b86e5bcd0dec681ba','NOTLOGGEDIN'),
  ('ckokenoz','1c61142077d8fe2cad749d60ab80ad69783a7a1d6d59714169657c451d3c6563','NOTLOGGEDIN'),
  ('sjdo','08addfe99490cdb226b6f12c1ce2433b77f16a8b468eb57c5a09a540d03d5222','NOTLOGGEDIN'),
  ('dahodge','fdb4a14c82c094ff12773d55860aae6f1e45347b7c9971a18a62a24333a42539','NOTLOGGEDIN'),
  ('ralevens','65bdd17f4aafb61ec4371a4d4ef2835b13f9431e5ff402369dbe9f17c6659819','NOTLOGGEDIN'),
  ('chanmeec','e61246d7c3628ac2311d4a6d83192c540a23a9c9706ddbd1cf32f0c1aedcbebf','NOTLOGGEDIN'),
  ('kelemley','96a36bf48c1dcea91d0f1353ae66f1f82b952f5f6446d08da5d2169393dc2e75','NOTLOGGEDIN'),
  ('venugovi','cdd66da4978ca3d6730fc390d0acca1d77d51bc15eb9757db4cb762ee54062c2','NOTLOGGEDIN'),
  ('cmmcd','099b19b28f4f8174f848905e011536f1f2f1c922585ead7623767e0686bb5b79','NOTLOGGEDIN'),
  ('malinare','e91bd1c13cf1f177969195f36292a44a65b6759e9dd5e9ca887602dddac76a46','NOTLOGGEDIN'),
  ('ehorste','1e30030aba9a17122744dff128e71e8bd5bdffa9aacd950bedc11d3da2709da2','NOTLOGGEDIN'),
  ('kert','175e6f257046ec9fce15e1e32846d819ff6057f4d23e10343f0cb88c78a06b83','NOTLOGGEDIN'),
  ('fltr','9793cedf05d287a58e70854ac3a13347ca93d5bd02c988bf08cf6128cf9914ef','NOTLOGGEDIN'),
  ('zepeda','3a8e36143a366962c09a47fce5290c20a7ab3983753371d9e2a58e300f46c0bb','NOTLOGGEDIN'),
  ('jyiyang','13541dfcf4f732c83d589e0af62d81d098fef03fe994682a5278a69c7a287cff','NOTLOGGEDIN'),
  ('justingk','b4fe2cbfafdaaa87d4818fd217fc210bdfb97efbff11dbd62f8d85a81efb4103','NOTLOGGEDIN'),
  ('clooney','6e9a116f5c64b1a74eef0b5bbc91231aa3b5c38ea2ad31617e38e9a2a7d087be','NOTLOGGEDIN'),
  ('smiatrow','631a399d699c19ba4e40c359e403b14063b2ce8478dc40c73cb3f972f108cced','NOTLOGGEDIN'),
  ('furlongl','45dc76715281e02305d20dbd42ea6d4ccac964b70f44a09aa646927e7240a2be','NOTLOGGEDIN'),
  ('nkizy','2e65828287fb65960306f2639e83a9000dbbb13f4100dca65f820dda9bf66fc2','NOTLOGGEDIN'),
  ('jsuther','bd2cbee11ae8ab0ff9acb1dc4c5f08bddfb2c58b38aa820e08b873aa3f866d4b','NOTLOGGEDIN'),
  ('tanayn','7af371a56c1bf285212ed3495a1f988795e875b8cc55f5adab1815eec27210bc','NOTLOGGEDIN'),
  ('hnpatel','5af01722f35cb4d3c5ba7d149b28de9f34a645782215e1aa734c7677e7dc62d8','NOTLOGGEDIN'),
  ('kjsand','dd4437a495c8fbabd3426d18b38660de72d406cfead4e5a9241e73bf0aea6083','NOTLOGGEDIN'),
  ('hkast','6959ffe563adfa1f79f5d43b956a3a37335412f4878b6091cfbc9739e3e7d4aa','NOTLOGGEDIN'),
  ('darrint','cdc833a1b1f0036332583a0960978a34123e4680dd55e17e459c281718e0f973','NOTLOGGEDIN'),
  ('lravindr','255b77d18347015806fd3356d86145db39b36cf95066394c918fea449e5c8934','NOTLOGGEDIN'),
  ('oriachun','d9266663383af52331d7e098409ee9cb445e0129451109590061f3e53f56a2e7','NOTLOGGEDIN'),
  ('jrnisbet','bf9d732ac665b3b9e21cee9c6e892350f3d8b118d36cbffc2c89ed763358149e','NOTLOGGEDIN'),
  ('ntapia','5f0b589832989ffc10338e94b2a2b8655c9a1dbf079bd4ead3b195aac89b9337','NOTLOGGEDIN'),
  ('avalique','8447853766435594d70a6b77dee8071d5c864d8d5a39688fb773a9bc990351b1','NOTLOGGEDIN'),
  ('stepania','cf80691bf7768283fc1fb124cebc197eda4008a95e1ae797cb0e5b83952dc10b','NOTLOGGEDIN'),
  ('rbronson','c145ff23706cd5fa0155971e6b11a8bf78cab14610da5bb594c65a0e685b6099','NOTLOGGEDIN'),
  ('jdaunoravicius','cc8dccbdbd6e7f4782a29e18eeaf10bc6d7cc9dbd4b4bb74f59a16e814cce08b','NOTLOGGEDIN'),
  ('jjinnah','e63c953585cc9e1a8f72c1b1ab50a2e7b0349fbc0c7d4514f3c516f87c4d75ad','NOTLOGGEDIN'),
  ('rileym','efcdb499ddab840445b83a395dfcf80a7a44acca71fd9c4f8247a322301b3839','NOTLOGGEDIN'),
  ('duanmua','698efb0da77dd805329fe5fd57d87da6e6ba856558657a255bb53ff4e9b60a96','NOTLOGGEDIN'),
  ('reider','0aeee88897f09cc75d441eed56d20e7e5e9bd344b124844d4b6a5cb8a8f9cafc','NOTLOGGEDIN'),
  ('jeremylc','e0afd94b8e81c7302ae954e96863879711a76d1649e8943fcaa2dc2108aaf1eb','NOTLOGGEDIN'),
  ('ebklouda','75687b9ffe38e29a71c10bed69ffcf1be928e1222e1cd33949a4b7d49d7e717e','NOTLOGGEDIN'),
  ('jessewst','16fb09ecead20bfbee1c32008c418547615a4f4a3f2891bb1cc834db03697c63','NOTLOGGEDIN'),
  ('atammana','51787dc24bedee92a8e35ef21dd9ab6dfc5fcc99fd79c727dea3dd7574457efd','NOTLOGGEDIN'),
  ('hjihong','55c76774f2af02eb63a20966871fd61d50dc3436018f955ea174e9a596bf9d73','NOTLOGGEDIN'),
  ('meland','7b7b24fe8c377941b05d14f3a5fe14fe06b154bb0493403974acaaa9e9d951bd','NOTLOGGEDIN'),
  ('nabani','0b024d06223dde71646e5e27b1ab11c7d10647373e8526c07c3da12639703518','NOTLOGGEDIN'),
  ('jmodes','daab8fe169776940fe732c2e41f8ce4a3334e8a22f1e546f62006c289b6c0532','NOTLOGGEDIN'),
  ('lispag','99c863b90cf4f86b0b99809bd9caf72df4412e1c4bd115652f22f3c9c271f644','NOTLOGGEDIN'),
  ('anlevin','b16a6991dfb16592b3cda09445c297e3de47f6acc1bd6454a4911937f91516e7','NOTLOGGEDIN'),
  ('adcunha','0b3e96bfc6af9d3e87ca1cf80642466170298df75177878d983bdd2fce68efcc','NOTLOGGEDIN'),
  ('willhorn','eb42069ced7d07f23e79bf4cb56ee8deb46cce079c62f6d861cd81fabcba75d4','NOTLOGGEDIN'),
  ('hanfan','78169cd400d374441f39c3e0dc73b47f8752f108627249959517baa8fbe31de1','NOTLOGGEDIN'),
  ('emiupton','d952d02f7c88b024fb2823f186b050d8091f7e36e42571094cf98835b4c0c047','NOTLOGGEDIN'),
  ('gregfi','12aec598d8f9bbf15731253a2a3810482d3c592f4de14c47376380ca62788b52','NOTLOGGEDIN'),
  ('dpinkney','e23431c3742b72f2d2fad68325b9c3a49a48f6b143708567ae89043a92e7a8d9','NOTLOGGEDIN'),
  ('kdashair','08f301b2405dd454689890920aad5c61a5b80cc529db2166509490082f8701d5','NOTLOGGEDIN'),
  ('jcgrimm','978491271aacc3442fb77191cface77721e76a94bbda60ed4f3aabfb21feb70c','NOTLOGGEDIN'),
  ('malbrigh','1f7e6e1ed9bc98fcff7371a4bc58e98a086b99095ba2fee692c1e63ae0b44ccf','NOTLOGGEDIN'),
  ('stoloreb','9aa1562ac87f4ccad40e42a7860c63b59ab258beb19735c9ce1efd05015399d4','NOTLOGGEDIN'),
  ('davemich','e1e503cd394211e7a6c06201499c93396f782d406c4e69054bf4305f204b908b','NOTLOGGEDIN'),
  ('akluck','10e7238721b1699fef0857a50a725e82c685a324655d384115c1c74354e1655a','NOTLOGGEDIN'),
  ('markalan','336fab553091b32b7d303751e67aa93623b218ae784213eb3b8ee9b3f3f17ceb','NOTLOGGEDIN'),
  ('patelmn','a6373c7a73047c3adc9111883d69fd42621eea24092e1f201f81cb00ab706c45','NOTLOGGEDIN'),
  ('hdorer','c8fd1426e65e31b9bd652bdfc1777b3668723b3750e4e20d6ed73eaa96a46662','NOTLOGGEDIN'),
  ('rovinski','c9035aa6e365cdd82bcb06f60aafef8ffcc32b19829feec8e1d535405488e1c6','NOTLOGGEDIN'),
  ('andybrwn','18971778c7bf29ea8527ada5c2a5f44697ca3db09b8b9c737fc034aab0773ac8','NOTLOGGEDIN'),
  ('mwinsemi','92060e756607c4a1bdb116f88389d126e58b88c9ae3f1f5b10c57a9356fa0f52','NOTLOGGEDIN'),
  ('aczubko','6c1f5a3078476d578b536bc0a32a85b41b36d8a82335ebc3a1b205d77e9a0fca','NOTLOGGEDIN'),
  ('aavila','43889f8b015894ee17e5fbd25a806fe4ce501d869defa0271c3bd54427c73afa','NOTLOGGEDIN'),
  ('coolbre','d1765e28dce1be7a1ed6471e5596c02ddb3aef6e700f63857a308e8b439c03e9','NOTLOGGEDIN'),
  ('madspeck','e19f9c001201203d2620a667bc1cf7d814e9bc447be1fcc8a4970063e8c38230','NOTLOGGEDIN'),
  ('zachchoi','d5b876b02edbe14caa2ababcedfa13aaa8d114c2b3f76d353b30ab6e66af1004','NOTLOGGEDIN'),
  ('tmidde','54d7cabb1c9ce462889b23c8d5de2d7c913f3ccf2c9e60991d6b331a01a62021','NOTLOGGEDIN'),
  ('ldemonte','a24699d0d9ddd8db66e27a7dcdef895c549d42fad3aaa9ed61ef648905ac50b0','NOTLOGGEDIN'),
  ('emichang','f778d6aab1ae4538ae4678b5606328fa84ccca370f51358ddfdb12722f9101ea','NOTLOGGEDIN'),
  ('jgaulzet','edb4b1bc86264db7165100c7975d9938a6c5daa47f2e61346a6b528f58cbc732','NOTLOGGEDIN'),
  ('rhchoi','398fd94607e8faeda24673fdfc66cdba43c54c0ea57c15876b80d849e1b98dda','NOTLOGGEDIN'),
  ('mhensel','3a29de8612970a6d0dd3cbe21f5861cb8d90d81eaa7c82309e300d15036457c0','NOTLOGGEDIN'),
  ('dmcewan','e0cadbb3709181247caed20496b34a75f7ccfa82b5a48333cf0425407b683e46','NOTLOGGEDIN'),
  ('tindeck','23cc23fb9f6be5f2e5f922200b8fc0d4d6a790656c33d4cc4df3cc74103e6249','NOTLOGGEDIN'),
  ('lhmarks','6822ea936a13bb8ed14d35eee5de940ace449279c1f1381cc0b2e0cd368657a4','NOTLOGGEDIN'),
  ('dbzero','56b3be36b474220cc57541b4cf404f1229c6e580b7773487e0d12ac380062036','NOTLOGGEDIN'),
  ('catpat','0dd9c1e3488f5d7e1f38d504f678aa0bf8327f6720de53104c4f67183145534e','NOTLOGGEDIN'),
  ('flynnmo','0045831153aa9ba56d4a122947cee5f8512e31df550d50258a0aa311712744c3','NOTLOGGEDIN'),
  ('njmontes','77cffdb47308fb0fdb5536b37eb4b57f9338cd8d586406b4355006bd98e339e7','NOTLOGGEDIN'),
  ('derekdcs','813aa22c293a37dc4f8fa27833ecade09f66c64da281a322850f068a3f0ad5af','NOTLOGGEDIN'),
  ('kachou','41c55a655e709bb96c9a2d65600704a25bedd8195170f5a0920fd9d8e23a56ad','NOTLOGGEDIN'),
  ('nklam','5cdc118ef06029224631c2e15a92f40e46417b35cb1da7156672d4e28696eb64','NOTLOGGEDIN'),
  ('aarthara','6ee777b79b45b2fab1b04ef4408880b7cc9674cee3b32c57ae817e5a98988a2e','NOTLOGGEDIN'),
  ('aagrajek','890312ae61d76ff1dbc90a0a4829ea363a5881b35fc82ae5a92a7a99465881de','NOTLOGGEDIN'),
  ('kennyvan','06e802be6f4b6224ded382032a27db004fe7d986d2961651bc96426d3120e8e1','NOTLOGGEDIN'),
  ('kamalk','a312730fca1ecac78a34e3e8774bd07086cccba791475dd784ff86fd483bb58e','NOTLOGGEDIN'),
  ('camphan','7401331ef80beddb300a11e7f332950b6ccfc05dbe8c2e707787c87c53fb0bf0','NOTLOGGEDIN'),
  ('caitlincramer12','5ca81ff3e8ab1eee4c4020d3b676c89b92f6013ff70dae690569cecadedf3cf1','NOTLOGGEDIN'),
  ('ccprice','9386e5042c1d2393a48a45d3fe1a9d0bda8b7407974000ce294b36a433b02fa2','NOTLOGGEDIN'),
  ('jbrendel','6b808311459d71ecf28fec253ec3d28b7d6d70950e0f724cdbdcea30c827dd4b','NOTLOGGEDIN'),
  ('jmolesky','4915cfc859da16fb0a23934cf5f741cb301617b6bf2990d7e2594e7e3e117320','NOTLOGGEDIN'),
  ('xjsixjag','df3e2c8fc5760e372f59ced232cf751695edd4572ab9289fc470aec2ee54406f','NOTLOGGEDIN'),
  ('fszalay','9954f7c7a137af78429f31faac7f38577c6ef7069947321b92dc05669b1fc197','NOTLOGGEDIN'),
  ('emstark','2724ed9073bde6b88ccd35589b58e9cfe719d61188f76f3f88457cb79827ad8a','NOTLOGGEDIN'),
  ('mikeqin','97da81d820151e1a47913ef8adeb36797ab2b895f6ff7b376bb6f754bd2400a9','NOTLOGGEDIN'),
  ('erekn','ffe3a58b2c56cb5c90b5dd42710ad3e36d0ae5b8dc421670d534e0cbaa1d9c37','NOTLOGGEDIN'),
  ('natbrwn','b61d4d3e4586e175a4105166a1fe1db2ae3cddfc3b94a21ea3a284372a5630b4','NOTLOGGEDIN'),
  ('jamesbl','4da4b70a5a2c2fd11f5ed031cfcf40b77d72af0dd2f8368526edffad64b23c61','NOTLOGGEDIN'),
  ('benfried','94b4dcf9d0e7bcaa4d62090c6dc8984cd2a0aefa2ca3769895fb26877f134d06','NOTLOGGEDIN'),
  ('cdsadler','fe6a6eef55266905bf36fa9c18b368d6f70c7bef0863b36c5d3b2f869648025d','NOTLOGGEDIN'),
  ('jldolan','b26f414ce52e7b8265d6cc15f2c137f90804cef2b6ca27a51aa6bdc8629605de','NOTLOGGEDIN'),
  ('ebusen','4bb1baff5fa3053d71dcabe016a119e16f898ed6c18fa0990831663a639734b0','NOTLOGGEDIN'),
  ('mwrod','e37ae150e30b40074e8ceb54f6335f8f3e8fae19b76d5226c74776fba506ab5a','NOTLOGGEDIN'),
  ('mezen','0706072fbc88880a154b6fe3fdc5dc172fcf8d602a89d800a7c31b0942dc4c34','NOTLOGGEDIN'),
  ('sassyk','a412e6445a9a118d275a10297cf00074aa7d1cf88c268d8cbc4b9da630a3ce50','NOTLOGGEDIN'),
  ('batchac','d27426625e0097c63997af9f0c924a1aa160d4a27f1faa137f6fdefa165ee0c8','NOTLOGGEDIN'),
  ('mfeustel','1fd2117d55a0934656bb5202a34a23b0c54e615c0175a6515ae4b506054300ee','NOTLOGGEDIN'),
  ('aolosfsk','82571937fb3c5b43665624ca6523b44325163278c31d6629878cc9e9539d3931','NOTLOGGEDIN'),
  ('mascione','8167e66ee8f1d5361189b15d8ea7665d93d97d6dd300e2d8a59632ba6e2f1c83','NOTLOGGEDIN'),
  ('david.moenssen','bc204885e951804036a046aac87f2dcd8a05cbe133efbb8cf11edb8aef2606fc','NOTLOGGEDIN'),
  ('jhschaef','3d56392eb0111a16aa5e9ab0e0da5699d883edae3a579ff21cf564a39dbcd24b','NOTLOGGEDIN'),
  ('dcepeda','6bbf611d1ef43652408664a7c481a6ea304b16788060613484a3605c9e58b635','NOTLOGGEDIN'),
  ('todd_moilanen','f83f169f79ccf6124510a578799d01b627c22594593205b449b332c486a33a3a','NOTLOGGEDIN'),
  ('sbisgaie','23bfd0f9dc463cb43b92c2ffd4ba3e17c75f3bc15e0f4825081ff62f938ac09b','NOTLOGGEDIN'),
  ('libbyej','de20cab106ada6accf77213d9424e9e42c67ec7c4eee43936b1e0a3d08bba5c2','NOTLOGGEDIN'),
  ('weitung','c1a1039847d1cce37446b295ad7eef25c10dc9dc8aaa744eb86cff683e26b2a4','NOTLOGGEDIN'),
  ('sungkj','408c14b6f5dd3d11e9a76111ee83050192ed5bd5a6a36e01fb2dbdfce8478743','NOTLOGGEDIN'),
  ('mirim','5818249889aad6c6ace6967a382c0ca64216a643caef52004d35792f0dfcf1e9','NOTLOGGEDIN'),
  ('dmholt','04b25b64fc47415acff47cb759fa3e127beb26cb583cb9e71a300f7ac852dcd6','NOTLOGGEDIN'),
  ('jelzinga','d175083ab3a1a00af229d3ee43472c930345f4287ae210ae6b5509451844a16e','NOTLOGGEDIN'),
  ('jiaxin','9a30e6330e365073121f1695c9e7d5f3c4443a5c29fb73a7daae69f17d8590cd','NOTLOGGEDIN'),
  ('rbiswas','2266f0f891ab84f5e921312c478ed312d3b2921fc892202507bb424a1a1906b4','NOTLOGGEDIN'),
  ('dallj','2955a694bb97eba1c0aec6c33ecac323bdf052cf061adf6a1acd6bd3a5683acb','NOTLOGGEDIN'),
  ('samcdev','4c1207509056f69659319469e0dfc4d548d36cbfb244dfa4566109ab875f2d0a','NOTLOGGEDIN'),
  ('ishaanjs','3e029acf01d4429eca3c4c0661474275fd197b869e015652718258478d91dddc','NOTLOGGEDIN'),
  ('rgappel','7074d293331ac98c4be2f3560d4f308e0542ae6fcf67066e1130e2a8cfe26f8c','NOTLOGGEDIN'),
  ('vward@umich.edu','f29139b7362186ccd32b42e51156c946473df15f75e4bf216e637b5fe792389a','NOTLOGGEDIN'),
  ('kadann','e74caf5944aef74fe9bffca6ec5a6c6c2fc4bc03552dbbb17878ad0982b85ae7','NOTLOGGEDIN'),
  ('meganelb','08164fbdef29a275e801c3049bb21c3923f458e2493e0b3eb9ecb26d7c947ecd','NOTLOGGEDIN'),
  ('jgfernan','61b92495a42972b556ec06b27ad5c8464764956f161d410df5d14150a2223b82','NOTLOGGEDIN'),
  ('louk','25ad5735701c60dc9844de47e2764533faf2d0f92a1564e91cf57074a6deb15d','NOTLOGGEDIN'),
  ('ttristan','432ed0a4fe4706bd8c9e8621b3fd6b16f56eedc6d7762c6cf71cb620e72b154f','NOTLOGGEDIN'),
  ('dlheard','90b106e9892d7737c8ef6be2978c0a88fc4ff4351e3952fbdec0114d825f2a44','NOTLOGGEDIN'),
  ('esoreide','af31f93efa9f26405198e9e41824308b0ba1db3dacfeda1e615d9717e9c84448','NOTLOGGEDIN'),
  ('reozdowy','fccb72be747b967603ba83fb4914e457639053feb0ddd3c75894f2e9155f2c22','NOTLOGGEDIN'),
  ('rkreiter','661aa5483150317627a27001fc05058ba1b5a47e1169febf2d536941ff5bc465','NOTLOGGEDIN'),
  ('albanka','e0cebbd8916cb2abc1ff90a06d7388ff4bfd153455b557aa9a9dc540d099d527','NOTLOGGEDIN'),
  ('jimsiang','1b98ff305e9882864675c49b699987f0af07cdd5780c077758c7a0e9a8cbaece','NOTLOGGEDIN'),
  ('nataaron','84f7a425400327be759a3de2ec0a3fafa3419dd9a06e4159a54d2dbcfed9be97','NOTLOGGEDIN'),
  ('jumilton','41c534d74668d45b16f9f8de24d84c45ab4380cecd399c9448cf30221fdccd68','NOTLOGGEDIN'),
  ('thumme','4f6227dd579eefb3b724e8be3f2390d898a9efaed46588f9b4543cc7b1081239','NOTLOGGEDIN'),
  ('jamesrg','49ca5f7f5f4be1ce3080d0045eae1bc0fb0dd786b0e36fcd143de66ab808cd81','NOTLOGGEDIN'),
  ('saraali','0c5d0d86e7b6f0cf0e4140eb5d2aa61c12e2aa0f8b9873dcde5eaebd5376f03e','NOTLOGGEDIN'),
  ('sylviach','d116bf3d96a59b19625a40faf3b9b262727f8d80a23335c0f86e8db202f94465','NOTLOGGEDIN'),
  ('ryanbell','13ba06d30441b3ea4cac90f353083b7574c300f12345f70356801984f52270ce','NOTLOGGEDIN'),
  ('monticme','7e9bcd657a59f400e2e57768497964001d8e2daf67ebd59722e25624371b94ac','NOTLOGGEDIN'),
  ('mwald','50996f925155d985b40b0d945ddd7f749fa4ffcbf13db3c660fba5d83387ff23','NOTLOGGEDIN'),
  ('domlanni','b4edb1ee3c6f969c5dd986f75ac0c462632ae551224fc647eb4d6cf87cdc8974','NOTLOGGEDIN'),
  ('jjwashbu','ea51be6d9b54067a5ef45e20ce5ceb08d65811d69e967bb3041d923e3398f8b9','NOTLOGGEDIN'),
  ('pconlin','53b2dca1417291ef79089c423e4913e06524faf88d3fc57ce3b0ce11aba0f5ae','NOTLOGGEDIN'),
  ('bkilbour','7a6aca895018b20ed14fb1fe29eed293d5f8f812caaa0fb9492dc5cf879fc891','NOTLOGGEDIN'),
  ('squintan','6b67a548470125ad30b05429783365169c0a742344f5c070e824cb90f5f06181','NOTLOGGEDIN'),
  ('mperaino','39dd34d249404fdd911613e22bb4136e1f1151eca0b320f8829fb81571941ade','NOTLOGGEDIN'),
  ('rauchs','8eb2d5c1f942e7aafa8f5067570df99d9b7ccd88d34eed8ebb186e3236c8ef37','NOTLOGGEDIN'),
  ('cvanitt','f99993a51893df50fb8af77e242ba24c72c27f7677821745c683f1a84882306f','NOTLOGGEDIN'),
  ('tketai','499675d8d8d90712052dddc2267e1079e4b01dec2127cd877366f00c51fa1626','NOTLOGGEDIN'),
  ('bsw','7b83350cfc39161fcf7454f74443b2c48ec9c5c18b1ccdbbc6d3d1a147e427ef','NOTLOGGEDIN'),
  ('jrtervol','355e97226fb28e86aad38005301c1110b4500cffb8da8e6181198f3e6fb0d2c2','NOTLOGGEDIN'),
  ('cworthem','6c3ab5287eeb838c61eeb7bb936635acc76afb463acabe75d33d3f34b64e7aa3','NOTLOGGEDIN'),
  ('rsekela1','a5cb0bc5a0b0dec5d139f047ab9ec202ed2fa2a69842195aaa9c85b73091c7f9','NOTLOGGEDIN'),
  ('rachneal','f9c6fae3f6c04e7fe1faa60ee2d0814e0f1e12ac95fdd217036b910081f112b8','NOTLOGGEDIN'),
  ('afurman','20c149fa1a83213480a6e21b77737adb51b4e912dec521f0b5ff13d63e7a4135','NOTLOGGEDIN'),
  ('zmklav','048d23c2b77ccf03c5ef06d8d482f3b96e80f51f9c13f1375d7382fd9a4e736c','NOTLOGGEDIN'),
  ('rosephi','24bf09e22c5d696a93bc12427b808413dc4af80b19288da0c3f3b25650a031fb','NOTLOGGEDIN'),
  ('ryaneth','3715387d451743e46e86a6fb828936fe4daf829f19b1024b017b934e2e794ab8','NOTLOGGEDIN'),
  ('changmar','e147452873ae502bee4f51c8d52ad6a4d42c0a66f02e23b9321a07e958c8e66b','NOTLOGGEDIN'),
  ('nclay','c5c0bde9c2d54b493382c33edfbd739251b5d5fa855e9312d87f65d728a5e1c4','NOTLOGGEDIN'),
  ('hwangm','490a92b2974f9925187f62c6b3a4d96ad9b2e8ad82fa646f2936b69cd888f0f8','NOTLOGGEDIN'),
  ('jmvan','3f711d504717247d9279df9510b730f494926841c208f11e308144983def32a8','NOTLOGGEDIN'),
  ('ryakee','8841cbd73f30f568070e7588a57a4938b5bff51f4c1e7d866f772aa2a7ddbc1a','NOTLOGGEDIN'),
  ('rapete','0472072c693033ef55453a9146889d57a01fd79c7f2da8a6f451ae9c0de1a971','NOTLOGGEDIN'),
  ('rlakhani','407409883b6c6fb166298b4a8f7467d0e92af2b412ddef51895c440480f61bd4','NOTLOGGEDIN'),
  ('ajinebge','d480eb3f4cf81e9df3b7b4bfc939dc2a51619c681256840f7e08599e5f490dee','NOTLOGGEDIN'),
  ('eaboett','725d86e7b3fb6e13cef5f69993056b88adb11c7f500d3b40c5b2de2102632e00','NOTLOGGEDIN'),
  ('siukathr','630b95872dc708eccbedce6e06230e1dd553bdb506bbd7b91c6750b7687f2fbd','NOTLOGGEDIN'),
  ('sbarr','2995fa5e4c6ce31be1dcfd5dfb39672dbd4270ed0ef2b888e690e3c3d43ae72d','NOTLOGGEDIN'),
  ('schremsa','f715fd0f61c074beea6d029227dbf566a7ad564750d002079e8a5cd6a49e3dca','NOTLOGGEDIN'),
  ('mmbowman','f9cd2002d658740346fe2c9c0e5d93c22ca8900e3b381584eea40c99e68bf96d','NOTLOGGEDIN'),
  ('mjbyom','9492e360c1f26c6f0daa336010285c98d94a58ca967fa3c934f6dca2ad2b25be','NOTLOGGEDIN'),
  ('alexkotu','4b66bafa4a256eb26337f15b76adcb2f94d205c9dd3b6855ebaa7c604ca170df','NOTLOGGEDIN'),
  ('rmsherm','97c51473d49ed424de2efba7015ca0fe315fa61ab3cfec8ccce666769e77f286','NOTLOGGEDIN'),
  ('kofahlum','02f3c47366d27ff8fe04a947732a1eb7be1558935df20db60054c78528e8d446','NOTLOGGEDIN'),
  ('dparrotb','0a08ca91d2a2986c8c01a73495242936021d9b233731ed58005c6e089ab04443','NOTLOGGEDIN'),
  ('jmdonogh','ab9f3c811b86755b5ed8e7b813ea34527a6411d4408842094d4b484120c5137d','NOTLOGGEDIN'),
  ('gapoorva','2f428c6368d8561e85f0e458ce0d4f677af9e6d76bd268ec7f86af3ee8c5f86d','NOTLOGGEDIN'),
  ('lizsgoul','9173c99bd1e5322d7f1b80d49d892eebec7097280feecd633c0be47cb52cd307','NOTLOGGEDIN'),
  ('rhchung','c6ff97eaed618d08bcda27962670afcd3616aa1806283a86bf9c17f54a0d3671','NOTLOGGEDIN'),
  ('anvmat','94afa10897ea9e9497e8e07e38a71149c69bf860336c1b496f39f46b4de5210c','NOTLOGGEDIN'),
  ('dingding','80a70ba8bda45eeadcef13ff0aa4091713de08f111a0263ae1a8bce3f7c1a364','NOTLOGGEDIN'),
  ('kunaln','98b2816dbca03b7ca31c5fc8a264c6bc5b7683b8d2b0f0ee40bb89115b3fd53a','NOTLOGGEDIN'),
  ('srishtip','2a70bc03df3b73594dabeb75b0efc4cd8feec8288a58b07e6a1ae9e73b86d658','NOTLOGGEDIN'),
  ('isaak','b86818ed0fed9685e4d40be589d45d29a328552a0f93dd08c031edd8b312dfa6','NOTLOGGEDIN'),
  ('eguder','6f08b5f850d28a9023b0eeef13ff6cb59816d1a068672e1a2de96fa7594ef4c0','NOTLOGGEDIN'),
  ('jparus','6619885d54d0a3b3d3345d41e1c0afe794bc62a58f8526936c78bca86291b449','NOTLOGGEDIN'),
  ('nkhm','764b89445754e3a492c6b0846e85b15bd7b14c48253a8f52b4b4b80d75c11b51','NOTLOGGEDIN'),
  ('mmangle','b3c7b123a67a7a3df65cd54edbcf2c5d1d61e019b753fd5c9a35b76ad35be9ce','NOTLOGGEDIN'),
  ('adibatra','8dd098b3d4dac5d6ae9e658cd6db33da09da18bff7280474325aa28850026bc5','NOTLOGGEDIN'),
  ('repatin','ecfa6faa2feff772990f17a181954e6a684265ea030ea96ab5b671e98f74665d','NOTLOGGEDIN');

INSERT INTO userroles (userid, roleid) VALUES
('rohansawalka','alumni'),
('csaucier','alumni'),
('gbhatia','alumni'),
('ncozen','alumni'),
('jmartog','alumni'),
('simsbl','alumni'),
('harrisri','alumni'),
('shdeitt','alumni'),
('lapohl','alumni'),
('botatoes','alumni'),
('bjuhrend','alumni'),
('mantung','active'),
('alexng','alumni'),
('cecamp','alumni'),
('johnkmur','active'),
('andredan','alumni'),
('genevich','alumni'),
('britflah','alumni'),
('marcmarc','alumni'),
('sbatch','alumni'),
('jrilly','alumni'),
('jwfong','alumni'),
('rmeggert','alumni'),
('audosbo','alumni'),
('waimanl','alumni'),
('philipw','alumni'),
('molsofsk','alumni'),
('gsabo','alumni'),
('mehtat','alumni'),
('qzhxfp','alumni'),
('jpmyers','alumni'),
('dwallen','alumni'),
('jordzhu','active'),
('ccschul','alumni'),
('pkostas','active'),
('sanjsub','active'),
('mgiska','alumni'),
('jmellent','alumni'),
('bethgles','alumni'),
('yuanm','alumni'),
('xiaobpan','active'),
('muskr','alumni'),
('jaiyeong','alumni'),
('jjbailey08','alumni'),
('tkem','active'),
('kunalm','alumni'),
('haohsu','active'),
('jasleung','alumni'),
('aoaoaoa','active'),
('vidhyasr','active'),
('stanvi','alumni'),
('lcpol','alumni'),
('grailo','alumni'),
('freemaja','alumni'),
('khpatel','alumni'),
('ppoisson','alumni'),
('kphall','alumni'),
('kjschill','alumni'),
('chelseae','alumni'),
('smpraus','alumni'),
('cwyckoff','alumni'),
('tabuesch','alumni'),
('minnaepc','alumni'),
('ruansj','active'),
('maxkotu','alumni'),
('jlkron','alumni'),
('jfairchi','alumni'),
('ranavk','active'),
('pdoll','alumni'),
('angraor','alumni'),
('mjquinn','alumni'),
('rburkhar','alumni'),
('emr','alumni'),
('kgunberg','alumni'),
('emschmid','alumni'),
('alancast','alumni'),
('andyjm','active'),
('patwan','alumni'),
('derino','active'),
('cmbaums','active'),
('damjohn','alumni'),
('kimyusun','active'),
('jgussert','alumni'),
('jordandr','active'),
('lowekiah','active'),
('trburch','active'),
('megjoki','alumni'),
('gmcewan','alumni'),
('nricci','active'),
('malvikab','alumni'),
('jtmi','alumni'),
('esoybay','alumni'),
('cmillera','alumni'),
('kfairc','alumni'),
('mfaibish','alumni'),
('lcrook','alumni'),
('aosorio','alumni'),
('jrswift','alumni'),
('asenyk','alumni'),
('stridas','alumni'),
('clemense','alumni'),
('rabani','alumni'),
('cmarti','alumni'),
('cmuhich','alumni'),
('jengehle','alumni'),
('ajfrantz','alumni'),
('vinnyv','alumni'),
('milliken','alumni'),
('reedml','alumni'),
('maherk','alumni'),
('ensignlm','alumni'),
('quanz','alumni'),
('phalexan','alumni'),
('katsb','alumni'),
('maramae','alumni'),
('nxlouie','active'),
('michfern','alumni'),
('altung','active'),
('emjburns','alumni'),
('reider','active'),
('thanav','alumni'),
('jennyhuh','active'),
('kwolok','alumni'),
('rhsunnie','alumni'),
('jbroggio','alumni'),
('carteraj','alumni'),
('troywe','active'),
('rmeder','alumni'),
('kriskim','alumni'),
('annastar','active'),
('cascook','active'),
('christag','alumni'),
('fpenikis','active'),
('ppreet','active'),
('ckokenoz','active'),
('sjdo','active'),
('dahodge','active'),
('ralevens','active'),
('chanmeec','active'),
('kelemley','alumni'),
('venugovi','active'),
('cmmcd','active'),
('malinare','alumni'),
('ehorste','alumni'),
('kert','alumni'),
('fltr','alumni'),
('zepeda','alumni'),
('jyiyang','alumni'),
('justingk','alumni'),
('clooney','alumni'),
('smiatrow','alumni'),
('furlongl','alumni'),
('nkizy','alumni'),
('jsuther','alumni'),
('tanayn','alumni'),
('hnpatel','alumni'),
('kjsand','alumni'),
('hkast','alumni'),
('darrint','alumni'),
('lravindr','alumni'),
('oriachun','active'),
('jrnisbet','active'),
('ntapia','alumni'),
('avalique','alumni'),
('stepania','alumni'),
('rbronson','alumni'),
('jdaunoravicius','alumni'),
('jjinnah','alumni'),
('rileym','alumni'),
('duanmua','alumni'),
('jeremylc','active'),
('ebklouda','alumni'),
('jessewst','alumni'),
('atammana','active'),
('hjihong','active'),
('meland','alumni'),
('nabani','alumni'),
('jmodes','active'),
('lispag','alumni'),
('anlevin','active'),
('adcunha','alumni'),
('willhorn','active'),
('gabelok','alumni'),
('emiupton','active'),
('gregfi','alumni'),
('dpinkney','alumni'),
('kdashair','alumni'),
('jcgrimm','alumni'),
('malbrigh','alumni'),
('stoloreb','alumni'),
('davemich','alumni'),
('akluck','alumni'),
('markalan','alumni'),
('patelmn','alumni'),
('hdorer','alumni'),
('rovinski','alumni'),
('andybrwn','alumni'),
('mwinsemi','alumni'),
('aczubko','alumni'),
('aavila','alumni'),
('coolbre','alumni'),
('madspeck','active'),
('zachchoi','active'),
('tmidde','active'),
('ldemonte','alumni'),
('emichang','alumni'),
('jgaulzet','active'),
('rhchoi','alumni'),
('mhensel','alumni'),
('dmcewan','alumni'),
('tindeck','alumni'),
('lhmarks','active'),
('dbzero','alumni'),
('catpat','alumni'),
('flynnmo','alumni'),
('njmontes','alumni'),
('derekdcs','alumni'),
('kachou','alumni'),
('nklam','alumni'),
('aarthara','alumni'),
('aagrajek','alumni'),
('kennyvan','active'),
('kamalk','alumni'),
('camphan','active'),
('caitlincramer12','alumni'),
('ccprice','alumni'),
('jbrendel','alumni'),
('jmolesky','active'),
('xjsixjag','alumni'),
('fszalay','alumni'),
('emstark','alumni'),
('mikeqin','alumni'),
('erekn','alumni'),
('natbrwn','alumni'),
('jamesbl','alumni'),
('benfried','alumni'),
('cdsadler','alumni'),
('jldolan','alumni'),
('ebusen','alumni'),
('mwrod','alumni'),
('mezen','alumni'),
('sassyk','alumni'),
('batchac','alumni'),
('mfeustel','alumni'),
('aolosfsk','alumni'),
('mascione','alumni'),
('david.moenssen','alumni'),
('jhschaef','alumni'),
('dcepeda','alumni'),
('todd_moilanen','alumni'),
('sbisgaie','alumni'),
('hanfan','active'),
('weitung','alumni'),
('sungkj','alumni'),
('mirim','alumni'),
('dmholt','active'),
('jelzinga','active'),
('jiaxin','alumni'),
('rbiswas','alumni'),
('dallj','alumni'),
('samcdev','alumni'),
('ishaanjs','alumni'),
('rgappel','alumni'),
('vward','alumni'),
('kadann','alumni'),
('meganelb','alumni'),
('jgfernan','alumni'),
('louk','active'),
('ttristan','active'),
('dlheard','active'),
('esoreide','active'),
('reozdowy','alumni'),
('rkreiter','alumni'),
('albanka','alumni'),
('jimsiang','alumni'),
('nataaron','alumni'),
('jumilton','alumni'),
('thumme','alumni'),
('jamesrg','alumni'),
('saraali','alumni'),
('sylviach','alumni'),
('ryanbell','alumni'),
('monticme','alumni'),
('mwald','active'),
('domlanni','alumni'),
('jjwashbu','alumni'),
('pconlin','alumni'),
('bkilbour','alumni'),
('squintan','alumni'),
('mperaino','alumni'),
('rauchs','alumni'),
('cvanitt','alumni'),
('tketai','alumni'),
('bsw','alumni'),
('jrtervol','alumni'),
('cworthem','alumni'),
('rsekela1','alumni'),
('rachneal','active'),
('afurman','alumni'),
('zmklav','alumni'),
('rosephi','alumni'),
('ryaneth','alumni'),
('changmar','alumni'),
('nclay','alumni'),
('hwangm','alumni'),
('jmvan','alumni'),
('ryakee','alumni'),
('rapete','alumni'),
('rlakhani','alumni'),
('ajinebge','alumni'),
('eaboett','alumni'),
('siukathr','alumni'),
('sbarr','alumni'),
('schremsa','alumni'),
('mmbowman','alumni'),
('mjbyom','alumni'),
('alexkotu','alumni'),
('rmsherm','alumni'),
('kofahlum','alumni'),
('dparrotb','alumni'),
('jmdonogh','alumni'),
('gapoorva','active'),
('lizsgoul','active'),
('rhchung','active'),
('anvmat','active'),
('dingding','alumni'),
('kunaln','alumni'),
('srishtip','alumni'),
('isaak','alumni'),
('eguder','active'),
('jparus','active'),
('libbyej','active'),
('nkhm','active'),
('mmangle','active'),
('adibatra','active'),
('repatin','active');

INSERT INTO lineage (biguserid, littleuserid) VALUES
  ('maxkotu','rohansawalka'),
  ('caitlincramer12','csaucier'),
  ('meganelb','gbhatia'),
  ('flynnmo','ncozen'),
  ('tindeck','jmartog'),
  ('eaboett','simsbl'),
  ('asenyk','harrisri'),
  ('dmcewan','shdeitt'),
  ('smpraus','lapohl'),
  ('aczubko','botatoes'),
  ('ldemonte','gabelok'),
  ('damjohn','mantung'),
  ('waimanl','alexng'),
  ('adcunha','cecamp'),
  ('eguder','johnkmur'),
  ('schremsa','andredan'),
  ('mirim','genevich'),
  ('cdsadler','britflah'),
  ('akluck','marcmarc'),
  ('jcgrimm','sbatch'),
  ('reedml','jrilly'),
  ('jldolan','jwfong'),
  ('kphall','rmeggert'),
  ('cmarti','audosbo'),
  ('grailo','waimanl'),
  ('mascione','philipw'),
  ('jbroggio','molsofsk'),
  ('dcepeda','gsabo'),
  ('aolosfsk','mehtat'),
  ('dbzero','qzhxfp'),
  ('david.moenssen','jpmyers'),
  ('jhschaef','dwallen'),
  ('jordandr','jordzhu'),
  ('rmeggert','ccschul'),
  ('nxlouie','pkostas'),
  ('aoaoaoa','sanjsub'),
  ('philipw','mgiska'),
  ('jhschaef','jmellent'),
  ('jmvan','bethgles'),
  ('gbhatia','yuanm'),
  ('monticme','xiaobpan'),
  ('isaak','jaiyeong'),
  ('zmklav','tkem'),
  ('khpatel','kunalm'),
  ('rlakhani','haohsu'),
  ('botatoes','jasleung'),
  ('rovinski','aoaoaoa'),
  ('christag','vidhyasr'),
  ('jamesbl','stanvi'),
  ('clooney','lcpol'),
  ('rabani','grailo'),
  ('alexkotu','freemaja'),
  ('fszalay','khpatel'),
  ('alexkotu','ppoisson'),
  ('ensignlm','kphall'),
  ('schremsa','kjschill'),
  ('cmarti','chelseae'),
  ('jldolan','smpraus'),
  ('nkizy','cwyckoff'),
  ('cmuhich','tabuesch'),
  ('kachou','minnaepc'),
  ('jessewst','ruansj'),
  ('xjsixjag','maxkotu'),
  ('bsw','jlkron'),
  ('jrtervol','jfairchi'),
  ('kennyvan','ranavk'),
  ('rbronson','pdoll'),
  ('emr','angraor'),
  ('kgunberg','mjquinn'),
  ('darrint','rburkhar'),
  ('dbzero','emr'),
  ('jrtervol','kgunberg'),
  ('jmellent','emschmid'),
  ('justingk','alancast'),
  ('sungkj','andyjm'),
  ('emichang','patwan'),
  ('monticme','derino'),
  ('mmangle','cmbaums'),
  ('mmangle','damjohn'),
  ('minnaepc','kimyusun'),
  ('zmklav','jgussert'),
  ('tkem','jordandr'),
  ('rkreiter','lowekiah'),
  ('louk','trburch'),
  ('changmar','megjoki'),
  ('siukathr','gmcewan'),
  ('repatin','nricci'),
  ('ishaanjs','malvikab'),
  ('cmuhich','jtmi'),
  ('bethgles','esoybay'),
  ('siukathr','cmillera'),
  ('lcrook','kfairc'),
  ('hdorer','mfaibish'),
  ('meganelb','lcrook'),
  ('kadann','aosorio'),
  ('andybrwn','jrswift'),
  ('bethgles','asenyk'),
  ('asenyk','stridas'),
  ('rmsherm','clemense'),
  ('jlkron','rabani'),
  ('rauchs','cmarti'),
  ('quanz','cmuhich'),
  ('dparrotb','jengehle'),
  ('mjbyom','ajfrantz'),
  ('reedml','vinnyv'),
  ('tketai','milliken'),
  ('rmsherm','reedml'),
  ('bsw','maherk'),
  ('angraor','ensignlm'),
  ('darrint','quanz'),
  ('ebusen','phalexan'),
  ('angraor','katsb'),
  ('adcunha','maramae'),
  ('vidhyasr','nxlouie'),
  ('jmvan','michfern'),
  ('jennyhuh','altung'),
  ('stridas','emjburns'),
  ('kunalm','thanav'),
  ('louk','jennyhuh'),
  ('cmillera','kwolok'),
  ('flynnmo','rhsunnie'),
  ('siukathr','carteraj'),
  ('haohsu','troywe'),
  ('ajinebge','bjuhrend'),
  ('kamalk','kriskim'),
  ('cmbaums','annastar'),
  ('malinare','cascook'),
  ('jumilton','christag'),
  ('emichang','fpenikis'),
  ('gapoorva','ppreet'),
  ('cascook','ckokenoz'),
  ('mwrod','sjdo'),
  ('gabelok','dahodge'),
  ('ebklouda','ralevens'),
  ('kriskim','chanmeec'),
  ('maxkotu','kelemley'),
  ('jimsiang','venugovi'),
  ('botatoes','cmmcd'),
  ('csaucier','malinare'),
  ('aarthara','ehorste'),
  ('rauchs','kert'),
  ('schremsa','fltr'),
  ('coolbre','zepeda'),
  ('ncozen','jyiyang'),
  ('alexng','justingk'),
  ('michfern','clooney'),
  ('kgunberg','smiatrow'),
  ('angraor','furlongl'),
  ('jlkron','nkizy'),
  ('jcgrimm','jsuther'),
  ('nataaron','tanayn'),
  ('markalan','hnpatel'),
  ('emr','kjsand'),
  ('kgunberg','hkast'),
  ('philipw','darrint'),
  ('batchac','lravindr'),
  ('troywe','oriachun'),
  ('kimyusun','jrnisbet'),
  ('mascione','ntapia'),
  ('jjbailey08','avalique'),
  ('qzhxfp','stepania'),
  ('jjinnah','rbronson'),
  ('avalique','jdaunoravicius'),
  ('philipw','jjinnah'),
  ('qzhxfp','rileym'),
  ('ccprice','duanmua'),
  ('rachneal','reider'),
  ('gapoorva','jeremylc'),
  ('emjburns','ebklouda'),
  ('duanmua','jessewst'),
  ('xiaobpan','atammana'),
  ('chanmeec','hjihong'),
  ('samcdev','nabani'),
  ('jiaxin','jmodes'),
  ('nklam','lispag'),
  ('jamesrg','anlevin'),
  ('smpraus','adcunha'),
  ('derino','willhorn'),
  ('lowekiah','hanfan'),
  ('yuanm','emiupton'),
  ('pdoll','gregfi'),
  ('rburkhar','dpinkney'),
  ('mgiska','kdashair'),
  ('bkilbour','jcgrimm'),
  ('jmellent','malbrigh'),
  ('emschmid','stoloreb'),
  ('rileym','davemich'),
  ('rauchs','akluck'),
  ('jdaunoravicius','markalan'),
  ('jjwashbu','patelmn'),
  ('hwangm','hdorer'),
  ('kwolok','rovinski'),
  ('rbiswas','andybrwn'),
  ('mirim','mwinsemi'),
  ('aagrajek','aczubko'),
  ('kphall','aavila'),
  ('mikeqin','coolbre'),
  ('monticme','madspeck'),
  ('jgussert','zachchoi'),
  ('sanjsub','tmidde'),
  ('esoybay','ldemonte'),
  ('christag','emichang'),
  ('lcpol','jgaulzet'),
  ('albanka','rhchoi'),
  ('njmontes','mhensel'),
  ('rgappel','dmcewan'),
  ('siukathr','tindeck'),
  ('jessewst','lhmarks'),
  ('hwangm','catpat'),
  ('jgfernan','flynnmo'),
  ('mwinsemi','njmontes'),
  ('mfaibish','kachou'),
  ('jrilly','nklam'),
  ('vward@umich.edu','aarthara'),
  ('genevich','aagrajek'),
  ('xiaobpan','kennyvan'),
  ('aavila','kamalk'),
  ('patwan','camphan'),
  ('megjoki','caitlincramer12'),
  ('michfern','ccprice'),
  ('rosephi','jbrendel'),
  ('trburch','jmolesky'),
  ('schremsa','xjsixjag'),
  ('tketai','fszalay'),
  ('stanvi','emstark'),
  ('phalexan','mikeqin'),
  ('kfairc','erekn'),
  ('nclay','natbrwn'),
  ('jfairchi','jamesbl'),
  ('jfairchi','benfried'),
  ('malbrigh','cdsadler'),
  ('ensignlm','jldolan'),
  ('darrint','ebusen'),
  ('kdashair','mwrod'),
  ('sbarr','mezen'),
  ('rauchs','sassyk'),
  ('dbzero','batchac'),
  ('jjbailey08','mfeustel'),
  ('derekdcs','aolosfsk'),
  ('jbroggio','mascione'),
  ('muskr','david.moenssen'),
  ('jjbailey08','jhschaef'),
  ('jbroggio','dcepeda'),
  ('muskr','todd_moilanen'),
  ('cworthem','sbisgaie'),
  ('trburch','libbyej'),
  ('cdsadler','weitung'),
  ('cecamp','sungkj'),
  ('jldolan','mirim'),
  ('emiupton','dmholt'),
  ('botatoes','jelzinga'),
  ('tanayn','jiaxin'),
  ('khpatel','rbiswas'),
  ('ajfrantz','dallj'),
  ('genevich','samcdev'),
  ('grailo','ishaanjs'),
  ('xjsixjag','rgappel'),
  ('cwyckoff','vward@umich.edu'),
  ('cmarti','kadann'),
  ('rmeggert','meganelb'),
  ('ryaneth','jgfernan'),
  ('sungkj','louk'),
  ('jmolesky','ttristan'),
  ('ralevens','dlheard'),
  ('lizsgoul','esoreide'),
  ('thanav','reozdowy'),
  ('rohansawalka','rkreiter'),
  ('gbhatia','albanka'),
  ('alexng','jimsiang'),
  ('vward@umich.edu','nataaron'),
  ('esoybay','jumilton'),
  ('tindeck','thumme'),
  ('ajinebge','jamesrg'),
  ('carteraj','saraali'),
  ('ishaanjs','sylviach'),
  ('cmillera','ryanbell'),
  ('shdeitt','monticme'),
  ('jgussert','mwald'),
  ('emstark','domlanni'),
  ('darrint','jjwashbu'),
  ('rbronson','pconlin'),
  ('dwallen','bkilbour'),
  ('rbronson','squintan'),
  ('qzhxfp','mperaino'),
  ('rileym','rauchs'),
  ('mehtat','cvanitt'),
  ('jhschaef','tketai'),
  ('dwallen','bsw'),
  ('sbisgaie','jrtervol'),
  ('mmangle','rachneal'),
  ('rmeder','afurman'),
  ('domlanni','zmklav'),
  ('benfried','rosephi'),
  ('squintan','ryaneth'),
  ('tabuesch','changmar'),
  ('vinnyv','nclay'),
  ('smpraus','hwangm'),
  ('smiatrow','jmvan'),
  ('ebusen','ryakee'),
  ('jrilly','rapete'),
  ('phalexan','rlakhani'),
  ('jtmi','ajinebge'),
  ('ppoisson','eaboett'),
  ('jldolan','siukathr'),
  ('kdashair','sbarr'),
  ('pconlin','schremsa'),
  ('jmellent','mmbowman'),
  ('jjwashbu','mjbyom'),
  ('jdaunoravicius','alexkotu'),
  ('lravindr','rmsherm'),
  ('darrint','kofahlum'),
  ('rauchs','dparrotb'),
  ('kgunberg','jmdonogh'),
  ('mhensel','gapoorva'),
  ('lowekiah','lizsgoul'),
  ('jeremylc','rhchung'),
  ('atammana','anvmat'),
  ('ajinebge','dingding'),
  ('ryanbell','kunaln'),
  ('rhsunnie','srishtip'),
  ('harrisri','isaak'),
  ('jgaulzet','eguder'),
  ('annastar','jparus'),
  ('rohansaw','nkhm'),
  ('harrisri','mmangle'),
  ('nxlouie','adibatra'),
  ('rhchoi','repatin');

insert into mastcontent (mastimg) values
  ('images/mast/mast1.jpg'),
  ('images/mast/mast2.jpg'),
  ('images/mast/mast3.jpg'),
  ('images/mast/mast4.jpg'),
  ('images/mast/mast5.jpg');
